{"ratings":[5.2,9.4,9.1,1.4,9.7,3.2,6.9,7.6,5.7,0.7,9.8,5.7,4.0],"respondent":{"income":1,"education":3,"gender":"M","name":{"last":"Wormuth","first":"Tyrone"},"state":"AZ","age":20},"RID":1}
{"ratings":[7.1,6.7,3.9,7.3,6.8,0.0,9.5,1.3,7.6,0.0,3.8,7.1,0.0],"respondent":{"income":3,"education":3,"gender":"M","name":{"last":"Cinquanti","first":"Kurt"},"state":"MI","age":77},"RID":2}
{"ratings":[8.1,1.2,6.5,3.2,1.5,0.0,3.1,0.0,8.2,2.1,6.7,8.9,1.9],"respondent":{"income":5,"education":2,"gender":"M","name":{"last":"Miskiewicz","first":"Lester"},"state":"CA","age":37},"RID":3}
{"ratings":[5.5,7.7,8.4,8.5,8.0,0.0,3.8,5.0,5.2,2.7,9.0,5.8,0.0],"respondent":{"income":0,"education":2,"gender":"F","name":{"last":"Crummey","first":"Willena"},"state":"WA","age":50},"RID":4}
{"ratings":[7.1,1.6,8.1,1.0,1.2,1.7,1.8,0.7,7.7,2.1,9.0,7.2,7.2],"respondent":{"income":2,"education":2,"gender":"M","name":{"last":"Purtell","first":"Edgar"},"state":"TX","age":20},"RID":5}
{"ratings":[6.8,6.1,2.5,9.9,6.0,0.0,0.8,9.3,6.3,3.0,2.6,6.0,2.5],"respondent":{"income":1,"education":2,"gender":"M","name":{"last":"Brunston","first":"Lamar"},"state":"MA","age":24},"RID":6}
{"ratings":[8.2,4.6,4.2,7.7,4.3,8.3,3.5,2.7,8.1,7.4,4.4,8.3,7.0],"respondent":{"income":5,"education":1,"gender":"M","name":{"last":"Henriksen","first":"Karisa"},"state":"AZ","age":32},"RID":7}
{"ratings":[9.6,6.4,2.7,6.8,6.6,3.0,0.1,6.9,9.9,2.8,2.7,9.1,6.5],"respondent":{"income":3,"education":2,"gender":"M","name":{"last":"Gettings","first":"Denver"},"state":"MA","age":20},"RID":8}
{"ratings":[7.6,6.3,0.1,1.8,6.3,8.9,1.4,5.0,7.6,8.9,1.0,7.4,6.0],"respondent":{"income":1,"education":0,"gender":"M","name":{"last":"Guerino","first":"Jesusita"},"state":"AZ","age":31},"RID":9}
{"ratings":[9.5,8.4,1.4,9.5,8.1,2.4,2.4,0.8,9.7,2.3,1.5,9.9,3.6],"respondent":{"income":0,"education":0,"gender":"M","name":{"last":"Roh","first":"Sherley"},"state":"TN","age":55},"RID":10}
{"ratings":[6.9,2.4,9.6,1.2,2.5,0.0,1.8,0.3,6.3,0.0,9.5,6.5,0.4],"respondent":{"income":2,"education":3,"gender":"F","name":{"last":"Rombardo","first":"Andra"},"state":"MA","age":75},"RID":11}
{"ratings":[8.9,5.5,4.8,8.8,5.4,0.0,7.8,6.3,8.8,0.0,4.9,8.8,1.1],"respondent":{"income":1,"education":3,"gender":"F","name":{"last":"Landwehr","first":"Lula"},"state":"OH","age":20},"RID":12}
{"ratings":[5.9,0.3,1.6,7.5,0.5,0.0,0.1,8.3,5.5,0.0,1.0,5.2,0.0],"respondent":{"income":0,"education":2,"gender":"M","name":{"last":"Atkeson","first":"Reginald"},"state":"FL","age":35},"RID":13}
{"ratings":[7.5,4.5,4.1,0.7,5.0,3.0,9.0,4.9,7.9,2.4,4.2,7.6,1.4],"respondent":{"income":2,"education":0,"gender":"M","name":{"last":"Longbrake","first":"Bernardo"},"state":"MA","age":40},"RID":14}
{"ratings":[8.3,2.0,0.7,9.6,1.9,0.0,6.4,0.0,0.0,0.0,0.9,8.7,2.3],"respondent":{"income":1,"education":1,"gender":"F","name":{"last":"Gautier","first":"Jeff"},"state":"AL","age":45},"RID":15}
{"ratings":[5.6,4.5,1.9,2.5,5.0,4.2,7.7,8.0,5.8,0.5,1.3,5.6,9.3],"respondent":{"income":0,"education":0,"gender":"M","name":{"last":"Eich","first":"Naomi"},"state":"DE","age":37},"RID":16}
{"ratings":[9.5,9.5,7.0,3.7,9.4,9.2,4.1,4.7,9.4,9.3,6.4,9.3,6.6],"respondent":{"income":0,"education":2,"gender":"M","name":{"last":"Graen","first":"Andy"},"state":"MN","age":48},"RID":17}
{"ratings":[9.8,5.9,9.3,8.3,5.2,4.8,0.3,2.6,9.2,6.2,9.6,9.6,1.9],"respondent":{"income":3,"education":2,"gender":"N\/A","name":{"last":"Maglione","first":"Gidget"},"state":"WA","age":20},"RID":18}
{"ratings":[7.7,8.7,1.1,9.0,8.5,0.0,7.9,5.0,7.5,3.6,1.0,7.4,0.0],"respondent":{"income":3,"education":3,"gender":"N\/A","name":{"last":"Payseur","first":"Jackie"},"state":"GA","age":35},"RID":19}
{"ratings":[9.7,0.8,8.0,0.0,0.0,0.0,2.3,0.0,9.8,1.0,7.8,9.8,0.0],"respondent":{"income":1,"education":2,"gender":"F","name":{"last":"Zedian","first":"Sheryl"},"state":"OR","age":27},"RID":20}
{"ratings":[9.3,0.0,8.0,9.8,0.5,0.0,4.1,8.3,9.0,3.9,9.0,9.7,3.9],"respondent":{"income":4,"education":3,"gender":"M","name":{"last":"Sukut","first":"Bernardine"},"state":"NJ","age":49},"RID":21}
{"ratings":[9.6,2.9,10.0,0.1,2.6,7.4,6.1,1.7,9.7,0.5,9.1,9.4,0.5],"respondent":{"income":3,"education":3,"gender":"F","name":{"last":"Craffey","first":"Roderick"},"state":"TX","age":54},"RID":22}
{"ratings":[9.9,0.0,5.1,9.0,0.4,0.0,9.2,2.2,9.3,3.4,5.4,9.7,0.0],"respondent":{"income":5,"education":3,"gender":"F","name":{"last":"Asta","first":"Aleta"},"state":"WA","age":18},"RID":23}
{"ratings":[7.9,4.6,9.8,2.2,4.9,0.0,6.3,8.8,7.2,0.0,9.5,7.9,0.0],"respondent":{"income":3,"education":2,"gender":"M","name":{"last":"Tiede","first":"Zackary"},"state":"WA","age":37},"RID":24}
{"ratings":[8.0,5.6,6.3,0.1,5.6,6.3,9.8,9.9,8.6,7.8,7.0,8.0,1.7],"respondent":{"income":5,"education":0,"gender":"M","name":{"last":"Cazares","first":"Korey"},"state":"NY","age":22},"RID":25}
{"ratings":[6.7,0.7,3.7,2.5,0.5,6.4,7.9,2.3,6.2,9.6,3.6,6.8,7.0],"respondent":{"income":2,"education":2,"gender":"M","name":{"last":"Oblinski","first":"Minerva"},"state":"ID","age":33},"RID":26}
{"ratings":[7.7,6.3,9.9,6.3,6.3,4.6,8.2,0.5,7.5,2.4,9.7,7.1,3.4],"respondent":{"income":3,"education":3,"gender":"M","name":{"last":"Guilbault","first":"Marco"},"state":"AZ","age":25},"RID":27}
{"ratings":[8.9,6.0,5.9,9.2,5.2,0.0,0.8,8.0,0.0,1.6,5.6,8.1,2.1],"respondent":{"income":3,"education":3,"gender":"M","name":{"last":"Schacter","first":"Coleen"},"state":"AK","age":33},"RID":28}
{"ratings":[5.3,9.1,5.4,6.0,9.7,0.0,6.4,6.2,6.0,1.4,5.4,5.0,0.4],"respondent":{"income":1,"education":2,"gender":"M","name":{"last":"Antonellis","first":"Marianne"},"state":"MD","age":48},"RID":29}
{"ratings":[5.0,3.5,1.1,1.3,3.9,0.0,2.8,1.1,5.1,1.0,1.8,5.2,0.0],"respondent":{"income":2,"education":2,"gender":"F","name":{"last":"Mokiao","first":"Tressie"},"state":"OR","age":25},"RID":30}
{"ratings":[7.6,7.2,0.5,6.6,7.5,0.0,3.2,5.9,0.0,2.2,0.2,7.4,2.0],"respondent":{"income":1,"education":3,"gender":"M","name":{"last":"Masterson","first":"Brant"},"state":"KY","age":50},"RID":31}
{"ratings":[6.1,6.4,4.3,8.5,6.3,5.0,1.3,7.2,6.0,1.8,4.8,7.0,6.5],"respondent":{"income":0,"education":2,"gender":"M","name":{"last":"Bendavid","first":"Mitch"},"state":"CT","age":34},"RID":32}
{"ratings":[6.7,8.5,4.4,8.8,8.5,0.0,7.4,3.9,6.6,3.9,4.4,6.1,1.8],"respondent":{"income":0,"education":0,"gender":"M","name":{"last":"Strimling","first":"Versie"},"state":"NY","age":18},"RID":33}
{"ratings":[6.0,0.9,5.9,8.9,0.5,1.9,4.0,1.8,5.3,8.4,5.3,5.6,9.0],"respondent":{"income":0,"education":1,"gender":"M","name":{"last":"Kuether","first":"Peter"},"state":"AZ","age":60},"RID":34}
{"ratings":[9.6,1.4,9.2,7.3,2.0,3.8,6.1,2.8,9.3,3.0,9.0,9.3,1.2],"respondent":{"income":5,"education":3,"gender":"F","name":{"last":"Slaff","first":"Laurence"},"state":"NV","age":34},"RID":35}
{"ratings":[9.3,9.3,8.7,9.8,9.6,3.4,1.3,6.7,9.6,2.7,8.8,9.4,3.8],"respondent":{"income":1,"education":4,"gender":"F","name":{"last":"Molinary","first":"Jewell"},"state":"VA","age":31},"RID":36}
{"ratings":[8.8,3.6,9.1,0.1,3.1,0.0,0.0,2.4,8.1,0.0,9.4,0.0,1.9],"respondent":{"income":3,"education":2,"gender":"F","name":{"last":"Torelli","first":"Shawn"},"state":"WA","age":77},"RID":37}
{"ratings":[8.1,9.0,8.8,7.3,9.4,6.8,1.7,6.2,8.4,6.8,8.8,8.6,3.1],"respondent":{"income":4,"education":2,"gender":"M","name":{"last":"Dolch","first":"Roman"},"state":"CA","age":39},"RID":38}
{"ratings":[5.9,9.8,6.7,9.5,9.7,1.0,0.3,3.9,5.6,3.3,6.6,5.3,3.6],"respondent":{"income":5,"education":0,"gender":"N\/A","name":{"last":"Badolato","first":"Karry"},"state":"CT","age":27},"RID":39}
{"ratings":[9.7,1.0,9.7,3.4,1.2,1.4,6.4,7.5,9.7,1.0,10.0,9.7,2.1],"respondent":{"income":2,"education":3,"gender":"F","name":{"last":"Rolley","first":"Angelita"},"state":"WI","age":45},"RID":40}
{"ratings":[6.8,2.6,8.0,1.9,2.2,6.5,4.4,5.4,6.9,8.4,8.6,6.6,9.1],"respondent":{"income":4,"education":2,"gender":"M","name":{"last":"Honer","first":"Dylan"},"state":"WA","age":43},"RID":41}
{"ratings":[9.1,7.6,8.8,1.9,7.1,7.0,8.1,0.5,9.1,0.7,8.4,9.5,8.0],"respondent":{"income":3,"education":3,"gender":"M","name":{"last":"Standrew","first":"Wen"},"state":"SC","age":53},"RID":42}
{"ratings":[9.0,2.5,3.2,1.3,2.7,0.0,0.8,2.2,8.3,0.0,3.8,8.2,0.4],"respondent":{"income":3,"education":3,"gender":"F","name":{"last":"Bartula","first":"Pablo"},"state":"AZ","age":29},"RID":43}
{"ratings":[9.1,5.5,4.0,1.9,6.0,0.0,6.0,9.8,0.0,0.8,4.5,9.8,3.0],"respondent":{"income":5,"education":2,"gender":"M","name":{"last":"Gindlesperger","first":"Adrienne"},"state":"LA","age":50},"RID":44}
{"ratings":[8.9,3.2,4.6,1.6,3.1,5.4,6.2,6.5,8.0,1.5,4.0,8.8,7.8],"respondent":{"income":1,"education":0,"gender":"M","name":{"last":"Redell","first":"Duncan"},"state":"UT","age":42},"RID":45}
{"ratings":[7.9,0.0,1.9,0.6,0.3,0.0,0.2,1.4,7.9,3.1,1.0,7.7,0.0],"respondent":{"income":1,"education":3,"gender":"M","name":{"last":"Bendel","first":"Leota"},"state":"CA","age":29},"RID":46}
{"ratings":[8.0,3.6,8.2,1.0,3.2,9.3,5.5,7.1,8.9,9.7,8.1,8.4,7.8],"respondent":{"income":1,"education":0,"gender":"N\/A","name":{"last":"Dimmack","first":"Emilio"},"state":"CT","age":37},"RID":47}
{"ratings":[6.5,0.4,1.0,1.1,0.1,8.7,5.4,5.1,6.4,9.8,0.1,6.7,0.4],"respondent":{"income":3,"education":2,"gender":"F","name":{"last":"Youell","first":"Ashli"},"state":"WA","age":55},"RID":48}
{"ratings":[9.6,9.2,7.3,1.8,9.1,3.8,4.3,7.2,9.5,7.4,7.4,9.1,3.5],"respondent":{"income":0,"education":0,"gender":"F","name":{"last":"Pennisi","first":"Maren"},"state":"TN","age":38},"RID":49}
{"ratings":[9.4,3.0,9.8,7.0,2.3,0.0,6.9,0.8,9.6,0.2,9.9,9.3,0.0],"respondent":{"income":3,"education":2,"gender":"M","name":{"last":"Nejaime","first":"Malena"},"state":"KY","age":27},"RID":50}
{"ratings":[6.8,7.5,4.0,6.4,7.2,6.0,4.4,1.2,6.7,1.4,4.6,6.4,6.6],"respondent":{"income":2,"education":3,"gender":"F","name":{"last":"Lingbeek","first":"Asa"},"state":"MA","age":20},"RID":51}
{"ratings":[5.9,2.7,0.0,9.2,2.4,1.2,6.2,1.3,5.9,0.2,0.1,5.8,3.5],"respondent":{"income":0,"education":2,"gender":"N\/A","name":{"last":"Fangmann","first":"Carma"},"state":"KS","age":26},"RID":52}
{"ratings":[8.7,0.7,0.8,3.2,1.0,7.3,9.5,6.5,9.0,1.8,0.9,8.4,8.7],"respondent":{"income":0,"education":0,"gender":"N\/A","name":{"last":"Nichols","first":"Santos"},"state":"WA","age":30},"RID":53}
{"ratings":[6.2,3.3,5.6,0.2,3.9,7.7,6.5,9.7,6.3,6.8,5.3,6.9,0.8],"respondent":{"income":1,"education":3,"gender":"M","name":{"last":"Waldrope","first":"Amy"},"state":"AZ","age":28},"RID":54}
{"ratings":[5.6,8.8,9.6,7.3,8.5,0.0,0.2,7.9,5.6,0.0,9.0,0.0,0.0],"respondent":{"income":0,"education":0,"gender":"F","name":{"last":"Khov","first":"Elden"},"state":"PA","age":55},"RID":55}
{"ratings":[7.0,3.5,7.1,6.5,3.1,7.7,0.7,3.4,7.0,2.3,7.2,6.1,3.1],"respondent":{"income":5,"education":3,"gender":"M","name":{"last":"Dombkowski","first":"Buffy"},"state":"NY","age":80},"RID":56}
{"ratings":[5.0,2.6,9.5,1.3,2.7,0.0,3.4,1.0,5.1,0.0,9.2,5.7,0.0],"respondent":{"income":1,"education":2,"gender":"M","name":{"last":"Killiany","first":"Claudette"},"state":"NY","age":41},"RID":57}
{"ratings":[8.7,9.1,9.0,2.3,9.5,7.5,2.8,7.8,8.8,2.9,8.1,8.3,6.2],"respondent":{"income":2,"education":2,"gender":"M","name":{"last":"Ackers","first":"Christoper"},"state":"MI","age":28},"RID":58}
{"ratings":[7.9,2.5,3.1,0.5,2.8,8.9,9.4,0.0,7.6,3.9,3.7,7.7,2.4],"respondent":{"income":0,"education":2,"gender":"M","name":{"last":"Cavanaugh","first":"Keli"},"state":"NC","age":37},"RID":59}
{"ratings":[8.1,5.9,0.1,0.9,5.2,3.9,5.2,8.6,8.7,9.4,0.2,8.4,0.8],"respondent":{"income":1,"education":0,"gender":"M","name":{"last":"Woomer","first":"Everette"},"state":"NY","age":42},"RID":60}
{"ratings":[8.6,8.5,2.0,3.3,8.2,9.2,5.4,2.1,8.0,6.0,1.6,8.0,4.0],"respondent":{"income":2,"education":3,"gender":"M","name":{"last":"Gruesbeck","first":"Dorothea"},"state":"AZ","age":40},"RID":61}
{"ratings":[9.9,1.1,5.7,6.1,1.1,3.5,3.1,1.6,9.6,6.8,5.5,9.6,2.7],"respondent":{"income":2,"education":3,"gender":"F","name":{"last":"Leuters","first":"Felton"},"state":"AZ","age":27},"RID":62}
{"ratings":[5.4,1.0,4.5,7.4,0.9,0.0,0.0,4.7,5.6,0.0,4.8,5.9,0.0],"respondent":{"income":4,"education":4,"gender":"M","name":{"last":"Ohms","first":"Antonetta"},"state":"NV","age":25},"RID":63}
{"ratings":[6.0,0.1,3.4,6.3,0.7,3.6,4.3,6.6,6.5,1.7,3.5,6.3,8.0],"respondent":{"income":3,"education":0,"gender":"F","name":{"last":"Wilenkin","first":"Magaret"},"state":"TX","age":24},"RID":64}
{"ratings":[8.4,5.9,6.7,9.8,5.2,4.5,5.3,1.1,8.2,2.2,7.0,8.1,3.9],"respondent":{"income":3,"education":1,"gender":"M","name":{"last":"Antronica","first":"Luana"},"state":"OK","age":42},"RID":65}
{"ratings":[7.9,3.0,3.5,0.2,3.2,6.6,9.8,4.9,7.5,8.4,3.6,7.2,0.7],"respondent":{"income":3,"education":5,"gender":"M","name":{"last":"Supplee","first":"Alva"},"state":"MA","age":78},"RID":66}
{"ratings":[5.7,3.2,0.4,9.7,3.9,0.0,9.5,0.0,5.7,1.7,0.5,5.4,2.0],"respondent":{"income":3,"education":3,"gender":"F","name":{"last":"Barklow","first":"Shelby"},"state":"MS","age":33},"RID":67}
{"ratings":[6.6,4.5,1.1,2.7,4.1,0.0,3.3,0.0,6.7,0.0,1.0,6.9,0.0],"respondent":{"income":0,"education":0,"gender":"F","name":{"last":"Meihofer","first":"Caroyln"},"state":"DE","age":52},"RID":68}
{"ratings":[8.2,2.1,6.5,9.7,2.8,0.0,1.1,4.8,8.6,3.5,6.5,8.6,0.0],"respondent":{"income":2,"education":2,"gender":"F","name":{"last":"Daddea","first":"Young"},"state":"VT","age":37},"RID":69}
{"ratings":[5.2,1.6,0.0,6.4,1.0,1.5,2.0,6.6,5.6,3.8,1.0,5.8,6.4],"respondent":{"income":5,"education":0,"gender":"F","name":{"last":"Playle","first":"Karina"},"state":"FL","age":36},"RID":70}
{"ratings":[6.2,0.6,1.0,6.1,0.7,0.0,8.9,4.0,6.0,0.0,0.8,6.1,0.0],"respondent":{"income":5,"education":0,"gender":"M","name":{"last":"Rabito","first":"Waylon"},"state":"MD","age":45},"RID":71}
{"ratings":[9.6,1.6,7.0,0.9,1.4,7.2,2.4,9.0,9.8,0.1,7.3,10.0,8.4],"respondent":{"income":1,"education":3,"gender":"M","name":{"last":"Mikkola","first":"Mackenzie"},"state":"NV","age":24},"RID":72}
{"ratings":[6.7,1.6,4.5,2.3,1.4,1.4,8.2,8.5,6.8,8.2,4.8,6.9,7.1],"respondent":{"income":1,"education":3,"gender":"M","name":{"last":"Winterbottom","first":"Morton"},"state":"CA","age":50},"RID":73}
{"ratings":[5.8,8.6,1.9,7.0,9.0,0.0,7.1,7.8,5.5,0.0,1.3,5.1,0.2],"respondent":{"income":4,"education":2,"gender":"M","name":{"last":"Gallop","first":"Roy"},"state":"KY","age":20},"RID":74}
{"ratings":[8.6,9.8,6.8,1.0,9.8,5.0,9.5,4.5,8.3,7.3,6.9,8.3,8.5],"respondent":{"income":4,"education":2,"gender":"N\/A","name":{"last":"Forck","first":"Sean"},"state":"MA","age":30},"RID":75}
{"ratings":[5.3,6.6,5.5,0.7,6.5,9.8,2.5,5.2,5.3,1.3,5.1,5.5,1.4],"respondent":{"income":1,"education":2,"gender":"F","name":{"last":"Dayao","first":"Rufina"},"state":"IL","age":29},"RID":76}
{"ratings":[8.5,8.8,8.8,3.1,8.1,5.8,7.8,3.3,8.4,9.9,8.8,8.9,2.3],"respondent":{"income":0,"education":3,"gender":"F","name":{"last":"Wewerka","first":"Taren"},"state":"CT","age":26},"RID":77}
{"ratings":[7.8,0.4,0.7,6.3,0.8,0.0,9.3,2.3,7.5,0.0,0.3,7.2,0.0],"respondent":{"income":2,"education":2,"gender":"F","name":{"last":"Glay","first":"Odis"},"state":"NY","age":41},"RID":78}
{"ratings":[6.9,4.4,1.3,2.3,4.1,8.7,8.7,9.1,6.3,6.1,1.2,6.8,6.6],"respondent":{"income":4,"education":4,"gender":"F","name":{"last":"Patka","first":"Orville"},"state":"WA","age":29},"RID":79}
{"ratings":[7.0,5.9,2.1,7.7,5.6,6.6,6.1,1.8,7.4,2.3,2.0,7.2,1.6],"respondent":{"income":5,"education":4,"gender":"F","name":{"last":"Aavang","first":"Cristopher"},"state":"OK","age":55},"RID":80}
{"ratings":[6.2,8.8,5.5,7.2,8.0,8.5,1.0,0.2,6.7,9.1,5.2,6.3,3.1],"respondent":{"income":4,"education":4,"gender":"F","name":{"last":"Wharry","first":"Phylis"},"state":"TN","age":48},"RID":81}
{"ratings":[9.3,0.0,4.1,2.2,0.5,0.0,8.4,8.9,9.0,2.6,4.0,9.9,1.8],"respondent":{"income":2,"education":3,"gender":"F","name":{"last":"Mcglone","first":"Lester"},"state":"IN","age":55},"RID":82}
{"ratings":[8.9,3.3,9.8,6.6,3.3,0.0,3.6,5.3,8.7,0.3,9.1,8.6,0.1],"respondent":{"income":0,"education":3,"gender":"M","name":{"last":"Windhurst","first":"Numbers"},"state":"NY","age":53},"RID":83}
{"ratings":[5.2,0.6,7.5,9.6,0.8,2.1,2.3,3.3,5.8,2.5,7.2,5.8,0.4],"respondent":{"income":4,"education":4,"gender":"M","name":{"last":"Bergamini","first":"Gerardo"},"state":"NV","age":40},"RID":84}
{"ratings":[9.2,1.5,0.6,9.2,1.7,4.6,2.3,6.1,9.0,1.5,0.8,9.6,9.2],"respondent":{"income":2,"education":2,"gender":"M","name":{"last":"Burpo","first":"Fredda"},"state":"GA","age":50},"RID":85}
{"ratings":[6.6,5.0,8.3,8.7,4.5,0.0,8.1,0.0,6.3,0.0,8.7,6.7,0.8],"respondent":{"income":0,"education":5,"gender":"M","name":{"last":"Odell","first":"Emory"},"state":"MI","age":78},"RID":86}
{"ratings":[9.1,3.3,4.4,3.1,3.6,9.8,3.3,6.2,9.7,8.0,4.4,9.9,0.6],"respondent":{"income":4,"education":1,"gender":"M","name":{"last":"Correla","first":"Zetta"},"state":"AL","age":32},"RID":87}
{"ratings":[8.8,9.1,7.7,3.2,9.8,3.0,3.6,8.9,8.7,0.9,7.9,9.0,7.6],"respondent":{"income":3,"education":1,"gender":"F","name":{"last":"Powell","first":"Garfield"},"state":"SD","age":47},"RID":88}
{"ratings":[8.8,7.8,6.6,6.0,7.2,4.9,3.6,0.5,8.9,6.6,6.1,8.9,6.9],"respondent":{"income":4,"education":3,"gender":"M","name":{"last":"Batiste","first":"Rashad"},"state":"IL","age":41},"RID":89}
{"ratings":[5.4,7.7,6.3,2.6,7.2,0.0,1.9,0.0,5.5,3.6,6.6,5.5,0.8],"respondent":{"income":1,"education":2,"gender":"N\/A","name":{"last":"Piccinini","first":"Ignacio"},"state":"IL","age":20},"RID":90}
{"ratings":[6.8,3.9,2.4,8.0,3.9,0.0,6.1,1.3,6.1,2.0,2.4,6.9,0.0],"respondent":{"income":2,"education":2,"gender":"M","name":{"last":"Kacvinsky","first":"Burl"},"state":"FL","age":29},"RID":91}
{"ratings":[5.9,9.9,6.5,3.3,9.5,4.6,5.4,7.0,5.0,6.3,6.9,5.5,0.7],"respondent":{"income":0,"education":0,"gender":"M","name":{"last":"Dutch","first":"Shirley"},"state":"NJ","age":50},"RID":92}
{"ratings":[7.4,2.3,0.4,6.1,2.9,0.0,7.5,5.4,7.8,0.0,0.3,7.9,0.0],"respondent":{"income":0,"education":2,"gender":"N\/A","name":{"last":"Keovongxay","first":"Glynis"},"state":"GA","age":49},"RID":93}
{"ratings":[6.0,5.9,9.1,8.7,5.7,0.0,2.2,6.5,6.4,0.0,9.9,6.1,2.2],"respondent":{"income":3,"education":4,"gender":"F","name":{"last":"Hands","first":"Su"},"state":"MS","age":27},"RID":94}
{"ratings":[8.5,3.9,0.7,0.9,3.6,0.0,1.9,0.3,8.4,1.0,0.6,8.4,0.6],"respondent":{"income":3,"education":3,"gender":"M","name":{"last":"Galofaro","first":"Myron"},"state":"MT","age":53},"RID":95}
{"ratings":[5.6,1.8,9.0,8.2,1.3,3.4,3.8,0.6,5.1,6.1,8.6,5.7,9.1],"respondent":{"income":5,"education":2,"gender":"F","name":{"last":"Trusler","first":"Dean"},"state":"LA","age":26},"RID":96}
{"ratings":[7.9,6.9,4.1,9.0,6.1,6.3,5.5,1.0,7.3,8.2,4.9,7.1,3.0],"respondent":{"income":5,"education":3,"gender":"M","name":{"last":"Heffington","first":"Shon"},"state":"DE","age":18},"RID":97}
{"ratings":[9.3,8.2,8.2,0.7,8.0,3.4,9.4,4.0,9.7,0.8,8.6,9.4,8.1],"respondent":{"income":3,"education":4,"gender":"M","name":{"last":"Hudack","first":"Matthew"},"state":"AZ","age":34},"RID":98}
{"ratings":[7.2,4.7,6.1,6.6,4.5,0.0,7.6,2.1,7.5,0.0,6.3,7.4,0.0],"respondent":{"income":4,"education":3,"gender":"M","name":{"last":"Tyndall","first":"Allison"},"state":"FL","age":49},"RID":99}
{"ratings":[6.7,7.9,0.7,6.7,7.5,0.0,3.3,7.5,0.0,0.0,0.2,6.3,0.9],"respondent":{"income":0,"education":3,"gender":"F","name":{"last":"Cleghorn","first":"Boyd"},"state":"IA","age":38},"RID":100}
{"ratings":[8.6,1.8,6.3,1.5,1.3,8.4,8.7,8.0,8.3,2.3,6.6,8.2,0.0],"respondent":{"income":3,"education":1,"gender":"M","name":{"last":"Ribble","first":"Elmer"},"state":"MO","age":54},"RID":101}
{"ratings":[8.2,7.4,4.2,2.5,7.8,6.5,4.6,5.2,8.1,3.0,4.3,8.8,3.2],"respondent":{"income":1,"education":3,"gender":"M","name":{"last":"Madras","first":"Cesar"},"state":"MI","age":43},"RID":102}
{"ratings":[7.1,8.0,6.6,1.2,8.8,6.4,3.2,8.2,7.6,6.2,6.7,7.6,9.0],"respondent":{"income":2,"education":4,"gender":"M","name":{"last":"Kadish","first":"Cherelle"},"state":"NY","age":31},"RID":103}
{"ratings":[5.5,7.1,6.9,2.2,7.8,4.7,8.4,9.6,5.8,7.8,6.9,5.1,1.0],"respondent":{"income":2,"education":2,"gender":"F","name":{"last":"Means","first":"Jeremy"},"state":"GA","age":40},"RID":104}
{"ratings":[7.5,1.9,4.4,7.3,1.8,0.0,0.4,7.4,7.7,3.8,4.7,7.1,0.0],"respondent":{"income":5,"education":3,"gender":"M","name":{"last":"Maiden","first":"Hilton"},"state":"VT","age":50},"RID":105}
{"ratings":[5.7,3.8,5.1,1.8,3.8,8.0,0.3,9.2,5.7,0.8,5.2,5.2,6.5],"respondent":{"income":4,"education":3,"gender":"M","name":{"last":"Stabs","first":"Marcie"},"state":"PA","age":72},"RID":106}
{"ratings":[9.6,4.1,8.4,0.3,4.1,9.5,4.0,9.3,9.6,3.9,8.6,9.2,0.1],"respondent":{"income":1,"education":2,"gender":"M","name":{"last":"Boerma","first":"Eusebio"},"state":"PA","age":18},"RID":107}
{"ratings":[6.2,6.5,7.6,7.8,6.2,9.3,0.4,2.5,6.9,6.1,7.5,6.6,3.4],"respondent":{"income":1,"education":2,"gender":"M","name":{"last":"Aniol","first":"Dean"},"state":"PA","age":18},"RID":108}
{"ratings":[7.5,1.3,9.1,7.7,1.2,0.0,7.5,7.4,7.2,3.3,9.5,7.6,2.6],"respondent":{"income":5,"education":2,"gender":"M","name":{"last":"Lasserre","first":"Issac"},"state":"PA","age":28},"RID":109}
{"ratings":[6.3,9.5,6.7,3.3,9.5,0.0,1.5,0.0,6.8,3.9,6.2,6.7,0.0],"respondent":{"income":2,"education":0,"gender":"M","name":{"last":"Wilkenson","first":"Merrill"},"state":"NC","age":50},"RID":110}
{"ratings":[9.2,4.3,6.3,9.0,4.1,9.4,3.3,0.3,9.8,8.7,6.9,9.3,8.8],"respondent":{"income":0,"education":3,"gender":"F","name":{"last":"Lackland","first":"Isa"},"state":"AZ","age":25},"RID":111}
{"ratings":[6.1,8.7,9.7,3.0,8.1,7.4,7.4,4.2,7.0,0.5,9.6,6.8,3.9],"respondent":{"income":2,"education":0,"gender":"N\/A","name":{"last":"Richiusa","first":"Milan"},"state":"AZ","age":30},"RID":112}
{"ratings":[6.0,9.4,8.0,7.4,9.3,0.0,7.8,1.8,6.7,1.8,8.2,6.2,2.7],"respondent":{"income":5,"education":1,"gender":"N\/A","name":{"last":"Brison","first":"Jeane"},"state":"MA","age":45},"RID":113}
{"ratings":[7.9,6.0,7.1,1.4,6.6,9.5,0.1,8.5,7.2,6.1,7.4,7.3,3.7],"respondent":{"income":0,"education":2,"gender":"M","name":{"last":"Gorgo","first":"Owen"},"state":"NJ","age":21},"RID":114}
{"ratings":[8.0,4.8,7.7,1.8,4.1,5.8,6.2,4.7,8.6,1.4,7.4,8.9,8.9],"respondent":{"income":1,"education":0,"gender":"F","name":{"last":"Imamura","first":"Mendy"},"state":"IL","age":18},"RID":115}
{"ratings":[6.2,6.3,8.5,2.8,6.7,0.0,9.8,9.7,6.1,3.3,8.1,6.7,2.4],"respondent":{"income":5,"education":0,"gender":"F","name":{"last":"Mckendry","first":"Dalia"},"state":"PA","age":32},"RID":116}
{"ratings":[7.7,8.5,5.8,7.4,8.7,0.0,1.0,9.6,7.0,1.4,5.9,7.9,0.0],"respondent":{"income":2,"education":1,"gender":"F","name":{"last":"Alarie","first":"Shaina"},"state":"TX","age":53},"RID":117}
{"ratings":[8.8,9.9,8.6,9.2,9.6,8.5,6.2,0.1,8.2,9.0,8.5,8.2,1.0],"respondent":{"income":3,"education":3,"gender":"F","name":{"last":"Steptoe","first":"Raymon"},"state":"AZ","age":48},"RID":118}
{"ratings":[5.8,6.1,7.5,3.2,6.6,0.0,9.5,6.4,5.6,0.0,7.5,5.1,0.8],"respondent":{"income":2,"education":0,"gender":"F","name":{"last":"Niziolek","first":"Christopher"},"state":"KY","age":27},"RID":119}
{"ratings":[7.1,9.7,2.6,7.2,9.5,0.0,1.6,9.2,7.3,0.0,2.6,7.4,0.0],"respondent":{"income":3,"education":1,"gender":"M","name":{"last":"Mihlfeld","first":"Derrick"},"state":"GA","age":29},"RID":120}
{"ratings":[6.2,6.7,7.6,9.5,6.3,0.0,6.4,2.4,6.6,0.0,7.3,6.6,2.4],"respondent":{"income":4,"education":2,"gender":"M","name":{"last":"Waldeck","first":"Claude"},"state":"CA","age":33},"RID":121}
{"ratings":[7.9,9.2,2.4,4.0,9.7,7.5,5.5,4.5,7.8,0.8,2.5,7.9,7.0],"respondent":{"income":3,"education":1,"gender":"M","name":{"last":"Rowold","first":"Laverne"},"state":"SC","age":18},"RID":122}
{"ratings":[6.9,6.1,5.6,3.6,6.2,10.0,4.0,4.1,6.6,6.5,5.4,6.2,9.0],"respondent":{"income":0,"education":3,"gender":"M","name":{"last":"Lovinggood","first":"Therese"},"state":"CA","age":45},"RID":123}
{"ratings":[7.3,4.6,0.7,2.8,4.4,0.0,8.6,9.6,7.5,0.0,1.0,7.9,0.0],"respondent":{"income":1,"education":3,"gender":"F","name":{"last":"Ziller","first":"Lincoln"},"state":"OH","age":32},"RID":124}
{"ratings":[8.0,1.1,4.8,2.8,1.9,8.7,3.9,6.3,7.5,7.6,4.1,7.2,8.5],"respondent":{"income":4,"education":3,"gender":"M","name":{"last":"Galligher","first":"Ernesto"},"state":"DE","age":34},"RID":125}
{"ratings":[5.0,3.6,3.7,1.1,3.5,5.7,9.3,3.1,5.6,6.6,3.3,5.8,8.3],"respondent":{"income":2,"education":2,"gender":"M","name":{"last":"Stepro","first":"Travis"},"state":"GA","age":53},"RID":126}
{"ratings":[8.7,9.4,9.1,2.6,9.1,7.8,7.8,4.0,8.0,3.4,9.3,8.4,6.4],"respondent":{"income":2,"education":2,"gender":"F","name":{"last":"Tricarico","first":"Lenna"},"state":"IL","age":42},"RID":127}
{"ratings":[9.0,5.4,4.1,0.5,6.0,0.0,8.9,9.9,9.5,0.0,4.4,9.4,1.3],"respondent":{"income":3,"education":1,"gender":"M","name":{"last":"Hartup","first":"Ray"},"state":"MN","age":55},"RID":128}
{"ratings":[9.1,5.2,5.9,9.3,5.3,0.0,2.9,5.0,9.5,0.0,5.7,9.3,2.9],"respondent":{"income":2,"education":2,"gender":"M","name":{"last":"Rian","first":"Damian"},"state":"CA","age":48},"RID":129}
{"ratings":[9.6,6.0,4.3,3.9,5.2,0.0,9.9,9.9,9.7,3.7,4.7,10.0,0.0],"respondent":{"income":4,"education":2,"gender":"F","name":{"last":"Yasutomi","first":"Joy"},"state":"MO","age":37},"RID":130}
{"ratings":[8.1,3.3,2.7,3.2,3.7,6.8,7.8,9.6,8.5,1.2,2.4,8.4,1.1],"respondent":{"income":1,"education":2,"gender":"M","name":{"last":"Bustin","first":"Carmine"},"state":"NY","age":18},"RID":131}
{"ratings":[6.3,1.2,7.0,7.0,1.6,0.0,9.9,4.2,6.5,0.0,6.5,6.5,0.0],"respondent":{"income":5,"education":2,"gender":"M","name":{"last":"Schader","first":"Delmer"},"state":"TX","age":42},"RID":132}
{"ratings":[6.9,3.4,1.0,8.7,3.1,0.0,0.0,8.1,6.7,3.9,1.2,6.3,0.0],"respondent":{"income":5,"education":2,"gender":"M","name":{"last":"Doxey","first":"Mertie"},"state":"WA","age":37},"RID":133}
{"ratings":[9.4,5.1,2.3,8.8,5.3,0.0,8.2,3.6,9.2,0.0,2.1,9.2,0.0],"respondent":{"income":4,"education":2,"gender":"M","name":{"last":"Conners","first":"Randy"},"state":"MT","age":33},"RID":134}
{"ratings":[5.7,2.9,0.5,1.8,2.8,3.8,10.0,9.6,5.1,6.1,0.3,5.9,0.2],"respondent":{"income":1,"education":1,"gender":"F","name":{"last":"Fitch","first":"Micki"},"state":"WV","age":28},"RID":135}
{"ratings":[6.1,1.7,9.3,7.5,1.2,0.0,3.8,1.8,6.9,2.3,9.3,6.7,0.0],"respondent":{"income":4,"education":2,"gender":"F","name":{"last":"Bottolfson","first":"Erasmo"},"state":"CA","age":75},"RID":136}
{"ratings":[8.7,4.8,6.7,1.4,4.2,0.0,0.6,0.8,8.3,0.0,6.8,8.5,3.3],"respondent":{"income":4,"education":0,"gender":"F","name":{"last":"Beyale","first":"Everette"},"state":"AR","age":46},"RID":137}
{"ratings":[8.5,9.3,0.3,7.5,9.7,3.9,1.1,0.1,8.6,3.2,0.6,8.4,2.8],"respondent":{"income":5,"education":5,"gender":"M","name":{"last":"Mucha","first":"Tamisha"},"state":"UT","age":26},"RID":138}
{"ratings":[7.9,8.8,2.2,9.7,9.0,4.8,1.5,2.4,7.6,3.4,2.1,7.8,3.8],"respondent":{"income":4,"education":0,"gender":"N\/A","name":{"last":"Runion","first":"Lucinda"},"state":"IN","age":32},"RID":139}
{"ratings":[9.8,2.8,1.9,9.3,2.5,6.6,3.3,0.7,9.5,9.7,1.5,9.2,3.3],"respondent":{"income":0,"education":1,"gender":"F","name":{"last":"Zimmerer","first":"Diedra"},"state":"MI","age":26},"RID":140}
{"ratings":[8.1,1.9,0.3,7.2,1.6,5.5,5.9,1.5,9.0,3.7,0.8,8.5,3.1],"respondent":{"income":4,"education":3,"gender":"F","name":{"last":"Berlove","first":"Branden"},"state":"WI","age":40},"RID":141}
{"ratings":[6.9,5.3,2.3,1.9,5.9,7.1,7.2,1.9,6.0,4.0,2.5,6.8,9.6],"respondent":{"income":5,"education":4,"gender":"F","name":{"last":"Churchville","first":"Kendall"},"state":"MA","age":26},"RID":142}
{"ratings":[5.9,0.2,1.0,9.2,0.5,3.7,5.0,4.2,5.8,6.6,1.3,5.4,1.4],"respondent":{"income":3,"education":3,"gender":"M","name":{"last":"Russnak","first":"Lurlene"},"state":"GA","age":37},"RID":143}
{"ratings":[5.4,1.7,3.2,8.5,1.3,0.0,8.9,0.0,6.0,0.5,3.8,5.5,0.0],"respondent":{"income":2,"education":3,"gender":"N\/A","name":{"last":"Fortini","first":"Corinne"},"state":"IN","age":27},"RID":144}
{"ratings":[8.9,6.0,1.2,3.5,6.6,5.2,1.5,9.8,8.3,9.9,1.1,8.9,1.6],"respondent":{"income":5,"education":3,"gender":"M","name":{"last":"Jacaruso","first":"Coreen"},"state":"WI","age":24},"RID":145}
{"ratings":[6.4,2.9,3.8,3.7,2.9,6.6,6.2,6.0,6.5,6.7,3.2,6.1,8.0],"respondent":{"income":5,"education":2,"gender":"N\/A","name":{"last":"Blonsky","first":"Troy"},"state":"AZ","age":47},"RID":146}
{"ratings":[9.9,1.4,4.9,9.3,1.4,3.2,0.9,5.6,9.3,9.3,4.8,9.7,2.2],"respondent":{"income":0,"education":2,"gender":"F","name":{"last":"Huf","first":"Garrett"},"state":"CT","age":83},"RID":147}
{"ratings":[8.0,3.0,3.0,8.9,3.4,6.3,2.4,4.3,8.9,3.2,3.4,8.4,0.8],"respondent":{"income":0,"education":3,"gender":"M","name":{"last":"Mauger","first":"Alethia"},"state":"CT","age":28},"RID":148}
{"ratings":[7.6,9.1,4.5,0.5,9.4,9.8,1.0,7.3,7.3,8.9,4.7,7.3,8.7],"respondent":{"income":3,"education":5,"gender":"M","name":{"last":"Sala","first":"Elnora"},"state":"AL","age":38},"RID":149}
{"ratings":[9.3,2.7,5.8,6.3,2.2,0.0,0.9,9.8,9.1,0.0,5.8,9.2,0.0],"respondent":{"income":1,"education":0,"gender":"M","name":{"last":"Tomkins","first":"Sammie"},"state":"OH","age":51},"RID":150}
{"ratings":[9.2,3.8,0.3,3.3,3.5,6.5,7.8,7.6,9.2,8.5,0.1,9.4,1.4],"respondent":{"income":3,"education":4,"gender":"F","name":{"last":"Medosch","first":"Bernard"},"state":"CA","age":42},"RID":151}
{"ratings":[8.8,0.7,1.5,2.2,0.9,5.0,8.3,5.9,8.3,3.0,1.6,8.6,0.5],"respondent":{"income":4,"education":4,"gender":"M","name":{"last":"Nish","first":"Deandre"},"state":"IN","age":42},"RID":152}
{"ratings":[8.2,3.9,0.2,9.7,3.3,3.2,1.4,9.8,8.5,0.0,0.0,8.3,6.3],"respondent":{"income":2,"education":0,"gender":"M","name":{"last":"Vukcevic","first":"Kimberlee"},"state":"NY","age":25},"RID":153}
{"ratings":[7.4,3.2,0.6,2.9,3.3,3.7,6.4,5.9,7.7,8.4,0.9,7.5,2.5],"respondent":{"income":5,"education":1,"gender":"M","name":{"last":"Cragle","first":"Salome"},"state":"KY","age":35},"RID":154}
{"ratings":[6.0,0.3,7.4,3.1,0.6,8.0,8.6,4.1,5.7,8.0,7.9,5.5,1.3],"respondent":{"income":1,"education":0,"gender":"F","name":{"last":"Bautch","first":"Rex"},"state":"AR","age":48},"RID":155}
{"ratings":[10.0,2.4,9.0,8.6,2.1,0.0,0.0,7.6,9.4,0.1,9.4,9.5,0.0],"respondent":{"income":4,"education":1,"gender":"F","name":{"last":"Younge","first":"Jamison"},"state":"OK","age":50},"RID":156}
{"ratings":[6.6,5.2,5.6,8.9,5.7,0.0,1.9,5.7,6.6,3.1,5.7,6.8,4.0],"respondent":{"income":3,"education":3,"gender":"F","name":{"last":"Dougall","first":"Desiree"},"state":"SD","age":54},"RID":157}
{"ratings":[6.3,8.4,2.5,9.8,8.5,0.0,5.7,0.9,6.8,0.0,2.0,6.3,0.0],"respondent":{"income":4,"education":0,"gender":"F","name":{"last":"Airhart","first":"Kris"},"state":"OH","age":43},"RID":158}
{"ratings":[8.5,3.4,7.7,8.8,3.6,0.0,4.2,4.3,8.1,2.6,7.7,8.6,0.0],"respondent":{"income":5,"education":2,"gender":"F","name":{"last":"Reinmiller","first":"Rueben"},"state":"FL","age":42},"RID":159}
{"ratings":[5.8,5.2,1.7,7.4,5.1,5.7,4.1,4.6,5.2,9.8,1.6,5.8,0.2],"respondent":{"income":0,"education":4,"gender":"F","name":{"last":"Gohlke","first":"Mildred"},"state":"SC","age":35},"RID":160}
{"ratings":[8.8,5.7,4.0,3.6,5.0,7.9,3.7,9.1,8.6,7.1,4.3,8.8,9.1],"respondent":{"income":5,"education":0,"gender":"F","name":{"last":"Baier","first":"Austin"},"state":"SC","age":21},"RID":161}
{"ratings":[5.2,2.8,2.3,0.3,2.6,4.2,6.4,7.9,5.8,8.1,2.8,5.9,7.7],"respondent":{"income":5,"education":0,"gender":"M","name":{"last":"Meleo","first":"Shad"},"state":"CO","age":42},"RID":162}
{"ratings":[6.4,2.8,4.6,8.6,3.0,0.0,5.0,8.5,6.9,0.4,4.6,6.2,0.0],"respondent":{"income":2,"education":1,"gender":"M","name":{"last":"Ravago","first":"Beata"},"state":"KY","age":43},"RID":163}
{"ratings":[5.4,2.3,3.6,0.9,2.9,7.9,8.3,6.0,5.3,9.9,3.8,5.1,1.2],"respondent":{"income":5,"education":0,"gender":"F","name":{"last":"Ornstein","first":"Hal"},"state":"MA","age":25},"RID":164}
{"ratings":[6.0,0.4,5.7,2.1,0.8,0.0,8.9,9.6,5.1,0.0,5.3,5.5,3.5],"respondent":{"income":3,"education":1,"gender":"F","name":{"last":"Marovic","first":"Herman"},"state":"IN","age":33},"RID":165}
{"ratings":[9.8,3.0,4.7,0.7,2.5,7.0,10.0,3.5,9.9,4.0,4.8,9.1,7.8],"respondent":{"income":0,"education":2,"gender":"F","name":{"last":"Hillers","first":"Antone"},"state":"SC","age":33},"RID":166}
{"ratings":[8.7,0.6,5.2,9.4,0.7,3.2,7.5,1.8,8.3,9.1,5.4,8.4,3.6],"respondent":{"income":0,"education":3,"gender":"F","name":{"last":"Viviani","first":"Kara"},"state":"FL","age":19},"RID":167}
{"ratings":[8.3,3.8,2.8,2.6,4.0,7.1,0.0,8.3,8.8,8.7,2.4,8.8,3.6],"respondent":{"income":4,"education":3,"gender":"F","name":{"last":"Yballe","first":"Obdulia"},"state":"NV","age":18},"RID":168}
{"ratings":[8.7,1.6,9.6,2.3,1.6,8.3,7.7,4.3,8.5,6.7,9.9,8.3,3.5],"respondent":{"income":4,"education":0,"gender":"M","name":{"last":"Melis","first":"Renea"},"state":"MI","age":52},"RID":169}
{"ratings":[9.5,3.2,5.0,8.3,3.2,0.0,5.7,9.2,9.1,0.0,4.2,0.0,0.0],"respondent":{"income":1,"education":2,"gender":"M","name":{"last":"Kealy","first":"Sammy"},"state":"MA","age":24},"RID":170}
{"ratings":[5.9,7.8,1.3,2.8,7.6,6.1,6.8,8.9,5.6,2.6,2.0,5.7,0.7],"respondent":{"income":0,"education":4,"gender":"F","name":{"last":"Goehring","first":"Cathi"},"state":"IL","age":49},"RID":171}
{"ratings":[9.8,3.5,0.2,9.4,3.4,7.5,1.2,4.5,9.1,0.9,0.2,9.1,1.8],"respondent":{"income":1,"education":4,"gender":"M","name":{"last":"Millican","first":"Val"},"state":"CA","age":27},"RID":172}
{"ratings":[7.3,0.9,3.0,9.5,0.4,3.3,4.9,2.6,7.1,2.1,2.8,7.5,6.0],"respondent":{"income":5,"education":3,"gender":"M","name":{"last":"Vermeer","first":"Lezlie"},"state":"AL","age":21},"RID":173}
{"ratings":[8.2,6.6,1.7,3.6,6.7,0.0,2.3,1.4,0.0,0.0,1.0,8.8,4.0],"respondent":{"income":3,"education":3,"gender":"F","name":{"last":"Ballweg","first":"Onie"},"state":"NC","age":20},"RID":174}
{"ratings":[8.2,1.4,5.1,0.6,1.5,8.0,4.4,3.0,8.1,3.3,5.3,8.4,3.4],"respondent":{"income":4,"education":2,"gender":"N\/A","name":{"last":"Halnon","first":"Elias"},"state":"FL","age":28},"RID":175}
{"ratings":[5.1,6.9,0.3,7.3,6.2,0.0,0.2,8.0,5.5,0.0,0.5,5.1,0.0],"respondent":{"income":5,"education":5,"gender":"F","name":{"last":"Harbinson","first":"Rueben"},"state":"ID","age":25},"RID":176}
{"ratings":[7.6,5.4,0.2,2.4,6.0,0.0,3.3,0.0,0.0,2.4,0.8,7.8,1.9],"respondent":{"income":2,"education":0,"gender":"F","name":{"last":"Sterns","first":"Logan"},"state":"WA","age":30},"RID":177}
{"ratings":[9.5,7.8,9.5,1.9,7.8,9.2,9.5,9.3,9.1,3.6,9.3,9.9,6.3],"respondent":{"income":0,"education":1,"gender":"F","name":{"last":"Domkowski","first":"Jarred"},"state":"GA","age":52},"RID":178}
{"ratings":[7.7,3.3,1.6,3.0,3.8,6.5,0.8,7.8,8.0,6.1,1.8,7.3,8.5],"respondent":{"income":2,"education":2,"gender":"F","name":{"last":"Holbrook","first":"Fausto"},"state":"NC","age":79},"RID":179}
{"ratings":[5.5,2.0,7.7,8.8,1.2,0.0,9.2,0.3,6.0,0.0,7.9,5.5,0.0],"respondent":{"income":5,"education":3,"gender":"N\/A","name":{"last":"Koshy","first":"Shari"},"state":"CO","age":20},"RID":180}
{"ratings":[5.6,0.8,4.9,8.9,0.1,0.0,1.4,9.5,5.9,0.0,4.7,5.1,0.0],"respondent":{"income":5,"education":0,"gender":"F","name":{"last":"Yago","first":"Marlys"},"state":"WA","age":42},"RID":181}
{"ratings":[8.1,7.0,5.5,8.3,6.6,0.0,9.8,0.4,8.9,1.7,5.9,8.3,0.8],"respondent":{"income":3,"education":2,"gender":"M","name":{"last":"Sjogren","first":"Jan"},"state":"CT","age":49},"RID":182}
{"ratings":[8.1,8.9,4.5,7.0,8.4,0.0,5.2,7.2,8.2,0.0,4.2,8.7,0.0],"respondent":{"income":3,"education":3,"gender":"F","name":{"last":"Bhayani","first":"Devora"},"state":"AZ","age":36},"RID":183}
{"ratings":[8.1,5.1,6.8,7.4,5.9,3.4,2.6,5.4,8.6,2.7,6.6,8.4,2.3],"respondent":{"income":4,"education":0,"gender":"F","name":{"last":"Cesari","first":"Elton"},"state":"VA","age":28},"RID":184}
{"ratings":[5.3,2.3,1.4,6.5,2.6,0.0,3.3,9.2,0.0,0.0,1.6,5.6,4.0],"respondent":{"income":2,"education":2,"gender":"N\/A","name":{"last":"Arman","first":"Antonina"},"state":"NY","age":30},"RID":185}
{"ratings":[6.0,9.4,3.7,8.2,9.3,4.4,3.6,0.5,5.2,9.5,3.9,5.5,0.9],"respondent":{"income":1,"education":1,"gender":"M","name":{"last":"Fath","first":"Ashleigh"},"state":"MI","age":53},"RID":186}
{"ratings":[6.6,3.9,5.9,1.2,3.0,4.0,2.8,8.8,6.2,8.5,5.8,6.6,8.3],"respondent":{"income":0,"education":3,"gender":"M","name":{"last":"Kilzer","first":"Adele"},"state":"GA","age":33},"RID":187}
{"ratings":[7.4,0.3,8.0,6.5,0.8,0.0,7.4,6.4,7.3,0.0,8.3,7.3,1.6],"respondent":{"income":2,"education":3,"gender":"N\/A","name":{"last":"Battani","first":"Theodore"},"state":"TX","age":52},"RID":188}
{"ratings":[8.8,8.9,5.2,8.7,8.4,0.0,2.9,2.2,8.3,3.4,5.7,8.1,3.7],"respondent":{"income":1,"education":3,"gender":"F","name":{"last":"Shaak","first":"Yung"},"state":"OH","age":38},"RID":189}
{"ratings":[8.8,8.4,6.7,7.0,8.6,0.0,3.7,2.7,8.3,0.0,6.8,8.0,2.0],"respondent":{"income":5,"education":2,"gender":"F","name":{"last":"Zipp","first":"Emilee"},"state":"MA","age":56},"RID":190}
{"ratings":[5.7,8.2,8.1,0.7,8.4,7.5,8.5,9.3,5.4,9.2,8.8,6.0,1.5],"respondent":{"income":0,"education":2,"gender":"M","name":{"last":"Loughry","first":"Darrin"},"state":"MS","age":40},"RID":191}
{"ratings":[6.4,4.8,6.3,1.1,4.4,7.3,8.3,4.5,6.1,7.8,6.3,6.9,2.1],"respondent":{"income":1,"education":3,"gender":"F","name":{"last":"Ziman","first":"Marjory"},"state":"MA","age":45},"RID":192}
{"ratings":[7.8,6.9,6.0,6.9,6.3,0.0,0.0,9.9,7.1,1.4,5.2,7.7,0.1],"respondent":{"income":4,"education":2,"gender":"M","name":{"last":"Blick","first":"Logan"},"state":"AR","age":18},"RID":193}
{"ratings":[6.7,5.2,3.9,6.0,5.5,6.9,0.3,7.1,6.0,6.0,3.0,6.3,6.5],"respondent":{"income":0,"education":3,"gender":"M","name":{"last":"Scace","first":"Maria"},"state":"IN","age":34},"RID":194}
{"ratings":[9.8,2.5,3.6,8.7,2.1,0.0,4.0,1.8,9.8,0.0,4.0,9.6,0.9],"respondent":{"income":0,"education":3,"gender":"F","name":{"last":"Prucha","first":"Cyndy"},"state":"NY","age":32},"RID":195}
{"ratings":[9.9,0.3,0.4,9.3,0.4,0.0,4.3,0.5,9.8,0.0,0.8,9.5,1.7],"respondent":{"income":0,"education":3,"gender":"N\/A","name":{"last":"Korbal","first":"Marcelle"},"state":"IN","age":50},"RID":196}
{"ratings":[9.4,5.5,3.2,8.3,5.8,0.0,6.1,5.8,9.5,0.0,3.7,9.6,2.0],"respondent":{"income":3,"education":0,"gender":"M","name":{"last":"Janczewski","first":"Meda"},"state":"WA","age":37},"RID":197}
{"ratings":[9.0,7.1,0.0,3.5,7.2,0.0,9.2,5.9,9.8,2.6,7.1,9.0,0.0],"respondent":{"income":3,"education":3,"gender":"M","name":{"last":"Steenwyk","first":"Devon"},"state":"NY","age":50},"RID":198}
{"ratings":[5.3,8.8,9.1,3.1,9.0,9.0,0.0,9.9,5.8,8.8,9.3,5.1,8.2],"respondent":{"income":2,"education":3,"gender":"F","name":{"last":"Tosta","first":"Johnna"},"state":"WA","age":85},"RID":199}
{"ratings":[9.9,4.0,4.6,1.6,4.4,7.7,7.3,3.0,9.1,8.8,4.3,9.0,10.0],"respondent":{"income":0,"education":1,"gender":"M","name":{"last":"Lovern","first":"Bryant"},"state":"WA","age":28},"RID":200}
{"ratings":[9.2,1.4,6.5,6.5,1.2,7.3,1.5,5.8,10.0,7.3,6.2,9.7,7.6],"respondent":{"income":4,"education":2,"gender":"M","name":{"last":"Vandezande","first":"Noe"},"state":"IN","age":46},"RID":201}
{"ratings":[6.4,0.6,3.3,3.8,0.2,7.5,9.9,4.8,6.4,0.2,3.9,7.0,1.2],"respondent":{"income":4,"education":2,"gender":"F","name":{"last":"Hovell","first":"Louis"},"state":"TN","age":25},"RID":202}
{"ratings":[6.0,7.7,8.1,0.3,7.5,8.4,5.6,3.1,5.2,8.3,8.5,5.9,1.4],"respondent":{"income":4,"education":3,"gender":"M","name":{"last":"Benbenek","first":"Cliff"},"state":"AZ","age":51},"RID":203}
{"ratings":[9.3,8.9,8.9,7.4,8.3,0.0,2.8,6.2,9.7,0.0,8.6,9.4,0.0],"respondent":{"income":3,"education":2,"gender":"F","name":{"last":"Brothen","first":"Archie"},"state":"MI","age":19},"RID":204}
{"ratings":[9.9,8.2,3.2,6.1,8.7,6.4,2.4,2.9,9.3,1.4,3.5,9.8,6.2],"respondent":{"income":0,"education":4,"gender":"N\/A","name":{"last":"Hurrell","first":"Jackqueline"},"state":"PA","age":32},"RID":205}
{"ratings":[8.7,3.3,1.5,0.2,3.6,7.4,7.7,4.6,8.1,8.2,1.9,8.2,2.8],"respondent":{"income":0,"education":3,"gender":"F","name":{"last":"Dehler","first":"Agatha"},"state":"MI","age":38},"RID":206}
{"ratings":[8.7,9.9,8.5,3.0,9.3,7.3,9.5,0.3,8.3,7.3,8.3,8.4,3.4],"respondent":{"income":2,"education":3,"gender":"M","name":{"last":"Mckinnell","first":"Fidel"},"state":"PA","age":45},"RID":207}
{"ratings":[5.5,8.4,1.4,0.7,8.2,0.0,8.0,8.9,5.3,3.2,1.0,5.2,0.0],"respondent":{"income":4,"education":0,"gender":"N\/A","name":{"last":"Leibee","first":"Lizette"},"state":"NY","age":46},"RID":208}
{"ratings":[7.8,9.3,2.6,0.8,9.0,0.0,7.7,9.8,7.2,0.3,2.1,7.2,0.0],"respondent":{"income":0,"education":2,"gender":"F","name":{"last":"Hattan","first":"Mariano"},"state":"IN","age":34},"RID":209}
{"ratings":[9.1,8.1,5.8,0.2,8.3,7.9,7.2,2.9,9.3,6.5,5.7,9.2,9.1],"respondent":{"income":2,"education":2,"gender":"F","name":{"last":"Scamardo","first":"Esteban"},"state":"OH","age":22},"RID":210}
{"ratings":[7.7,7.8,9.4,6.0,7.4,6.9,4.8,2.0,7.4,7.2,9.4,7.3,2.6],"respondent":{"income":5,"education":3,"gender":"M","name":{"last":"Steve","first":"Evelin"},"state":"MI","age":34},"RID":211}
{"ratings":[8.0,3.6,2.7,7.0,3.6,3.2,0.3,2.0,7.2,1.1,2.3,7.7,7.0],"respondent":{"income":3,"education":0,"gender":"M","name":{"last":"Basurto","first":"Berniece"},"state":"CA","age":54},"RID":212}
{"ratings":[8.6,4.7,3.9,0.1,4.4,6.1,1.0,8.6,9.0,3.7,3.4,8.7,2.5],"respondent":{"income":4,"education":2,"gender":"M","name":{"last":"Pittard","first":"Russ"},"state":"TX","age":20},"RID":213}
{"ratings":[9.2,3.8,5.3,3.4,3.3,7.2,4.5,5.7,9.2,0.5,5.2,9.4,6.2],"respondent":{"income":3,"education":3,"gender":"F","name":{"last":"Chwalek","first":"Augustus"},"state":"CT","age":42},"RID":214}
{"ratings":[5.8,2.7,3.7,3.8,2.4,9.2,5.8,8.6,5.9,9.6,3.8,5.3,3.6],"respondent":{"income":0,"education":2,"gender":"M","name":{"last":"Godde","first":"Raymon"},"state":"OK","age":54},"RID":215}
{"ratings":[7.0,2.6,4.2,7.5,2.4,0.0,0.4,10.0,7.0,0.0,4.2,7.5,0.0],"respondent":{"income":0,"education":1,"gender":"N\/A","name":{"last":"Alliman","first":"Matha"},"state":"CA","age":36},"RID":216}
{"ratings":[7.1,1.5,7.6,8.1,1.5,1.5,5.3,5.6,7.4,2.3,7.8,7.6,9.2],"respondent":{"income":3,"education":3,"gender":"M","name":{"last":"Bodenschatz","first":"Sung"},"state":"IN","age":30},"RID":217}
{"ratings":[8.1,0.1,1.3,8.8,0.5,0.0,4.7,9.3,0.0,0.6,1.5,8.8,0.0],"respondent":{"income":4,"education":0,"gender":"F","name":{"last":"Tankard","first":"Kristi"},"state":"VA","age":19},"RID":218}
{"ratings":[6.6,0.6,5.4,2.8,0.5,9.2,4.6,9.5,6.7,3.9,5.9,6.1,1.5],"respondent":{"income":5,"education":3,"gender":"F","name":{"last":"Aramboles","first":"Valrie"},"state":"AZ","age":51},"RID":219}
{"ratings":[9.0,0.8,7.5,8.5,0.3,0.0,1.2,9.1,9.2,0.0,7.0,10.0,2.4],"respondent":{"income":4,"education":0,"gender":"M","name":{"last":"Knappe","first":"Issac"},"state":"AZ","age":27},"RID":220}
{"ratings":[5.5,7.1,3.7,3.9,7.6,8.7,7.4,5.1,5.1,1.5,3.5,5.2,0.2],"respondent":{"income":0,"education":4,"gender":"F","name":{"last":"Vanloh","first":"Miranda"},"state":"FL","age":79},"RID":221}
{"ratings":[6.0,8.4,9.3,0.8,8.0,6.1,8.6,1.9,7.0,1.6,9.1,6.2,9.0],"respondent":{"income":1,"education":1,"gender":"F","name":{"last":"Popovic","first":"Hayden"},"state":"CT","age":25},"RID":222}
{"ratings":[7.4,9.8,7.0,0.3,9.7,0.0,8.1,7.7,7.3,0.0,7.9,7.6,3.3],"respondent":{"income":1,"education":2,"gender":"N\/A","name":{"last":"Muffoletto","first":"Wilfred"},"state":"CO","age":49},"RID":223}
{"ratings":[6.7,5.1,1.6,9.0,5.6,0.0,4.5,0.0,6.2,0.3,1.2,0.0,3.1],"respondent":{"income":1,"education":3,"gender":"M","name":{"last":"Samuelson","first":"Viola"},"state":"MI","age":38},"RID":224}
{"ratings":[8.0,1.1,8.4,6.6,1.9,0.0,3.6,7.7,7.8,0.0,8.8,7.4,1.4],"respondent":{"income":5,"education":0,"gender":"F","name":{"last":"Ebarb","first":"Lesley"},"state":"PA","age":27},"RID":225}
{"ratings":[10.0,4.8,1.5,7.3,4.9,0.0,7.6,6.0,9.7,3.2,1.7,9.1,3.7],"respondent":{"income":1,"education":2,"gender":"M","name":{"last":"Kridler","first":"Gisele"},"state":"MI","age":83},"RID":226}
{"ratings":[7.0,9.8,5.8,2.1,9.2,9.1,4.3,6.1,7.2,6.7,5.0,7.8,6.4],"respondent":{"income":2,"education":3,"gender":"F","name":{"last":"Mandahl","first":"Jeffry"},"state":"MA","age":71},"RID":227}
{"ratings":[8.2,0.6,0.5,7.3,0.0,8.5,2.3,2.3,8.6,9.5,0.8,8.4,7.2],"respondent":{"income":2,"education":4,"gender":"N\/A","name":{"last":"Baumgarner","first":"Maye"},"state":"MD","age":44},"RID":228}
{"ratings":[6.5,7.2,9.5,0.1,7.8,0.0,0.0,2.1,6.9,0.0,9.6,6.0,1.1],"respondent":{"income":4,"education":2,"gender":"N\/A","name":{"last":"Seder","first":"Noe"},"state":"TN","age":38},"RID":229}
{"ratings":[8.1,0.4,8.3,8.7,0.4,0.0,0.7,8.6,8.8,0.0,8.4,8.2,0.0],"respondent":{"income":0,"education":2,"gender":"F","name":{"last":"Rachels","first":"Perry"},"state":"AR","age":51},"RID":230}
{"ratings":[9.3,8.1,2.0,7.8,8.6,6.1,1.9,6.2,9.5,2.8,1.3,9.2,3.7],"respondent":{"income":5,"education":4,"gender":"F","name":{"last":"Balbuena","first":"Granville"},"state":"TN","age":41},"RID":231}
{"ratings":[5.6,1.6,9.0,3.7,1.6,7.0,5.7,5.5,5.8,6.6,8.8,5.4,3.4],"respondent":{"income":5,"education":3,"gender":"N\/A","name":{"last":"Pazan","first":"Johnny"},"state":"IL","age":52},"RID":232}
{"ratings":[7.6,8.1,3.5,8.4,8.5,9.8,3.2,0.5,8.0,1.4,3.4,7.9,1.2],"respondent":{"income":1,"education":0,"gender":"M","name":{"last":"Landenberger","first":"Virgen"},"state":"MS","age":25},"RID":233}
{"ratings":[5.3,7.4,5.9,3.4,7.7,7.6,3.9,5.8,5.3,1.2,5.3,5.6,0.3],"respondent":{"income":1,"education":2,"gender":"N\/A","name":{"last":"Behling","first":"Scarlet"},"state":"GA","age":30},"RID":234}
{"ratings":[9.3,2.3,1.8,9.7,2.1,0.0,3.8,3.2,9.3,0.0,1.5,10.0,4.0],"respondent":{"income":5,"education":0,"gender":"M","name":{"last":"Soltani","first":"Andy"},"state":"GA","age":30},"RID":235}
{"ratings":[8.4,9.7,2.0,3.5,9.8,8.7,3.0,4.9,8.6,6.8,2.7,8.6,2.0],"respondent":{"income":5,"education":2,"gender":"F","name":{"last":"Stouch","first":"Audrea"},"state":"NY","age":22},"RID":236}
{"ratings":[7.1,1.0,3.8,8.8,0.9,0.0,4.1,6.6,7.6,0.0,3.3,7.9,0.6],"respondent":{"income":0,"education":5,"gender":"M","name":{"last":"Boore","first":"Glenn"},"state":"WA","age":48},"RID":237}
{"ratings":[8.3,8.4,4.8,7.8,8.6,0.0,8.2,3.4,8.3,0.6,4.4,8.1,2.6],"respondent":{"income":3,"education":3,"gender":"M","name":{"last":"Wilks","first":"Lovella"},"state":"NJ","age":35},"RID":238}
{"ratings":[7.2,4.5,8.8,6.6,4.4,0.0,4.5,8.8,7.5,0.0,8.3,7.3,0.0],"respondent":{"income":5,"education":1,"gender":"M","name":{"last":"Durough","first":"Wiley"},"state":"VA","age":20},"RID":239}
{"ratings":[9.8,6.7,7.1,8.5,6.1,0.0,3.6,8.1,9.8,0.0,8.0,9.1,1.5],"respondent":{"income":3,"education":3,"gender":"M","name":{"last":"Grosman","first":"Osvaldo"},"state":"WA","age":19},"RID":240}
{"ratings":[7.0,6.7,9.9,9.1,6.3,0.0,7.1,3.3,6.2,0.0,9.6,6.2,0.9],"respondent":{"income":1,"education":3,"gender":"N\/A","name":{"last":"Holowell","first":"Ozie"},"state":"NH","age":39},"RID":241}
{"ratings":[6.4,9.1,6.5,3.9,9.1,6.4,7.5,4.5,6.7,6.4,6.8,6.6,1.1],"respondent":{"income":5,"education":2,"gender":"F","name":{"last":"Liceaga","first":"Anderson"},"state":"MA","age":53},"RID":242}
{"ratings":[9.6,1.2,2.5,6.2,1.1,3.2,2.3,7.4,9.1,6.5,2.5,9.7,3.6],"respondent":{"income":1,"education":3,"gender":"M","name":{"last":"Kaps","first":"Nick"},"state":"MA","age":48},"RID":243}
{"ratings":[8.3,7.2,6.5,1.2,7.3,7.1,1.4,8.5,8.7,1.6,6.9,8.5,1.1],"respondent":{"income":3,"education":2,"gender":"M","name":{"last":"Skrebes","first":"Earlie"},"state":"VT","age":21},"RID":244}
{"ratings":[8.4,4.3,3.1,9.4,4.4,3.4,1.6,3.3,9.0,0.6,3.8,8.9,3.8],"respondent":{"income":5,"education":2,"gender":"F","name":{"last":"Riggen","first":"Elwanda"},"state":"KY","age":24},"RID":245}
{"ratings":[7.8,0.1,3.9,8.0,0.3,0.0,2.8,6.9,7.7,0.0,3.3,7.7,0.0],"respondent":{"income":0,"education":4,"gender":"F","name":{"last":"Shouse","first":"Deshawn"},"state":"IN","age":49},"RID":246}
{"ratings":[6.2,2.1,6.4,7.9,2.2,6.8,6.9,0.8,6.7,9.0,6.5,6.3,6.1],"respondent":{"income":4,"education":0,"gender":"F","name":{"last":"Dammrich","first":"Blondell"},"state":"NV","age":41},"RID":247}
{"ratings":[7.5,2.8,2.0,6.0,2.9,4.9,4.0,4.7,7.2,3.0,1.8,7.6,1.0],"respondent":{"income":1,"education":0,"gender":"F","name":{"last":"Boushie","first":"Dalila"},"state":"LA","age":78},"RID":248}
{"ratings":[6.6,9.3,3.4,3.0,9.7,6.1,5.1,9.0,6.4,7.9,3.0,6.7,3.3],"respondent":{"income":1,"education":1,"gender":"F","name":{"last":"Ramshur","first":"Jerrica"},"state":"GA","age":26},"RID":249}
{"ratings":[9.2,7.3,8.9,7.5,7.7,0.0,0.5,5.4,9.9,1.5,9.0,9.7,3.6],"respondent":{"income":0,"education":1,"gender":"F","name":{"last":"Somalski","first":"Phyllis"},"state":"MA","age":39},"RID":250}
{"ratings":[5.0,9.3,4.4,1.7,9.3,6.5,8.9,6.1,5.7,1.2,4.1,5.6,6.5],"respondent":{"income":2,"education":2,"gender":"F","name":{"last":"Vljeric","first":"Gregg"},"state":"NJ","age":44},"RID":251}
{"ratings":[6.1,9.2,2.9,0.2,9.0,0.0,2.0,0.4,6.8,0.0,2.9,6.4,1.9],"respondent":{"income":4,"education":0,"gender":"F","name":{"last":"Threat","first":"Kerrie"},"state":"NC","age":31},"RID":252}
{"ratings":[9.8,9.9,9.2,9.2,9.1,0.0,4.5,5.6,9.2,0.1,9.7,9.1,0.0],"respondent":{"income":0,"education":3,"gender":"N\/A","name":{"last":"Yarrow","first":"Francis"},"state":"CA","age":30},"RID":253}
{"ratings":[7.5,9.6,5.0,3.3,9.6,8.9,3.5,10.0,7.5,9.6,4.7,7.9,2.5],"respondent":{"income":2,"education":0,"gender":"M","name":{"last":"Coulthard","first":"Andria"},"state":"IN","age":39},"RID":254}
{"ratings":[6.1,1.1,6.9,3.4,1.5,3.8,4.2,7.4,7.0,7.9,6.1,6.4,8.4],"respondent":{"income":1,"education":0,"gender":"F","name":{"last":"Lybbert","first":"Kendra"},"state":"GA","age":43},"RID":255}
{"ratings":[6.1,9.5,3.4,3.2,9.1,9.0,8.0,4.6,6.9,9.2,3.1,6.9,7.4],"respondent":{"income":5,"education":2,"gender":"F","name":{"last":"Lis","first":"Dorothea"},"state":"AZ","age":28},"RID":256}
{"ratings":[8.1,5.6,6.8,9.2,5.7,5.9,1.4,1.7,8.5,2.4,6.1,8.8,9.7],"respondent":{"income":1,"education":2,"gender":"M","name":{"last":"Presti","first":"Connie"},"state":"TX","age":24},"RID":257}
{"ratings":[6.1,9.8,8.6,1.9,9.0,6.9,1.3,7.3,6.8,7.1,8.6,6.3,8.5],"respondent":{"income":0,"education":2,"gender":"M","name":{"last":"Curtsinger","first":"Nicolle"},"state":"PA","age":85},"RID":258}
{"ratings":[8.4,7.7,0.8,8.6,8.0,5.0,3.7,0.6,8.8,3.7,0.4,8.1,0.8],"respondent":{"income":1,"education":0,"gender":"M","name":{"last":"Drentlaw","first":"Joanne"},"state":"TX","age":27},"RID":259}
{"ratings":[9.4,0.0,3.0,3.6,0.8,0.0,0.2,1.3,9.2,0.0,3.1,10.0,0.0],"respondent":{"income":0,"education":3,"gender":"M","name":{"last":"Glowacky","first":"Jeanice"},"state":"NY","age":34},"RID":260}
{"ratings":[7.5,8.2,9.2,3.5,8.5,0.0,0.0,1.2,7.4,1.7,9.9,0.0,0.0],"respondent":{"income":0,"education":2,"gender":"F","name":{"last":"Gillotti","first":"Marc"},"state":"KS","age":40},"RID":261}
{"ratings":[5.5,0.2,5.7,1.7,0.8,2.6,7.0,9.5,5.4,8.8,5.8,5.6,4.0],"respondent":{"income":1,"education":3,"gender":"M","name":{"last":"Burgees","first":"Lorenza"},"state":"IL","age":80},"RID":262}
{"ratings":[7.8,2.7,6.8,8.4,2.5,3.4,6.1,2.1,7.6,7.8,6.9,7.1,9.6],"respondent":{"income":4,"education":0,"gender":"F","name":{"last":"Manderscheid","first":"Efrain"},"state":"TX","age":75},"RID":263}
{"ratings":[7.3,0.8,5.0,6.5,0.9,5.3,2.1,2.6,7.1,9.2,5.5,7.1,9.3],"respondent":{"income":2,"education":4,"gender":"F","name":{"last":"Wickland","first":"Sylvie"},"state":"NM","age":24},"RID":264}
{"ratings":[6.0,1.9,0.3,1.8,1.8,8.2,8.1,2.6,6.8,7.5,0.5,6.3,7.5],"respondent":{"income":4,"education":4,"gender":"M","name":{"last":"Stanard","first":"Herschel"},"state":"NC","age":21},"RID":265}
{"ratings":[9.4,8.7,9.1,9.5,8.4,0.0,6.9,7.1,9.8,0.0,9.1,9.4,1.5],"respondent":{"income":3,"education":4,"gender":"F","name":{"last":"Grillette","first":"Dulcie"},"state":"NV","age":36},"RID":266}
{"ratings":[5.2,1.9,2.1,3.7,1.2,7.4,7.8,9.1,5.9,7.9,2.4,5.2,0.7],"respondent":{"income":3,"education":2,"gender":"F","name":{"last":"Pylant","first":"Delaine"},"state":"MD","age":23},"RID":267}
{"ratings":[8.3,6.1,9.6,8.0,6.0,0.0,5.5,5.3,8.6,1.4,9.9,8.9,0.0],"respondent":{"income":2,"education":3,"gender":"M","name":{"last":"Sablea","first":"Dustin"},"state":"CO","age":76},"RID":268}
{"ratings":[5.4,6.5,0.5,7.4,6.1,0.0,1.0,5.0,5.0,1.4,0.8,5.5,2.4],"respondent":{"income":5,"education":3,"gender":"M","name":{"last":"Wackerbarth","first":"Camelia"},"state":"MS","age":21},"RID":269}
{"ratings":[7.8,0.4,7.0,9.3,0.1,0.0,9.1,3.7,7.1,0.0,6.5,7.6,0.0],"respondent":{"income":1,"education":0,"gender":"F","name":{"last":"Buckholtz","first":"Katherina"},"state":"IN","age":18},"RID":270}
{"ratings":[6.2,9.4,0.1,6.7,9.8,7.7,2.4,2.5,6.8,1.4,0.5,6.5,3.1],"respondent":{"income":2,"education":4,"gender":"M","name":{"last":"Strudwick","first":"Isidro"},"state":"NC","age":55},"RID":271}
{"ratings":[10.0,0.6,8.3,8.7,0.5,9.2,1.4,0.5,9.2,1.4,8.9,9.9,8.3],"respondent":{"income":0,"education":2,"gender":"F","name":{"last":"Nabarrete","first":"Maybell"},"state":"DC","age":20},"RID":272}
{"ratings":[8.6,2.4,6.0,6.8,2.1,0.0,1.6,6.0,8.9,3.0,6.6,8.5,0.0],"respondent":{"income":2,"education":0,"gender":"F","name":{"last":"Mordecai","first":"Daryl"},"state":"TN","age":20},"RID":273}
{"ratings":[7.4,9.9,3.4,1.3,9.8,9.0,5.3,9.5,7.5,9.5,3.1,7.2,9.3],"respondent":{"income":5,"education":1,"gender":"M","name":{"last":"Zabarkes","first":"Ervin"},"state":"MD","age":52},"RID":274}
{"ratings":[9.6,2.1,5.6,2.5,2.8,0.0,0.4,2.8,9.0,2.3,5.3,9.3,0.0],"respondent":{"income":2,"education":2,"gender":"M","name":{"last":"Larriuz","first":"Marlene"},"state":"MI","age":35},"RID":275}
{"ratings":[5.8,9.4,4.9,7.9,9.7,3.7,4.4,5.8,5.7,8.9,4.5,5.9,8.8],"respondent":{"income":5,"education":2,"gender":"M","name":{"last":"Inhulsen","first":"Christiana"},"state":"IL","age":45},"RID":276}
{"ratings":[6.4,6.0,2.5,8.9,6.5,7.0,1.6,5.7,6.2,3.0,2.5,6.5,10.0],"respondent":{"income":3,"education":3,"gender":"M","name":{"last":"Kimbel","first":"Antonio"},"state":"VA","age":27},"RID":277}
{"ratings":[6.3,7.5,5.2,9.1,7.3,0.0,4.5,6.4,6.5,0.0,5.7,7.0,0.0],"respondent":{"income":5,"education":1,"gender":"F","name":{"last":"Rosensteel","first":"Santiago"},"state":"MS","age":29},"RID":278}
{"ratings":[7.7,5.9,3.6,3.8,5.0,8.9,7.2,6.2,7.1,7.9,3.9,7.2,8.7],"respondent":{"income":2,"education":2,"gender":"N\/A","name":{"last":"Grzywinski","first":"Annelle"},"state":"ID","age":41},"RID":279}
{"ratings":[9.1,4.5,0.5,8.0,4.6,0.0,0.0,9.3,9.7,3.7,0.1,9.8,0.0],"respondent":{"income":3,"education":4,"gender":"M","name":{"last":"Pezzullo","first":"Houston"},"state":"GA","age":26},"RID":280}
{"ratings":[9.0,3.2,3.2,8.4,3.5,1.6,0.6,6.8,8.7,1.4,3.8,8.0,8.1],"respondent":{"income":2,"education":0,"gender":"F","name":{"last":"Tippett","first":"Christiana"},"state":"FL","age":22},"RID":281}
{"ratings":[7.3,1.1,4.9,0.2,1.8,9.5,4.5,8.2,7.5,9.8,4.5,7.1,2.3],"respondent":{"income":1,"education":0,"gender":"M","name":{"last":"Estremera","first":"Marline"},"state":"NH","age":51},"RID":282}
{"ratings":[8.3,6.1,0.4,1.3,6.5,5.0,7.8,8.0,8.9,0.8,0.2,8.9,8.6],"respondent":{"income":0,"education":0,"gender":"F","name":{"last":"Kokesh","first":"Hassan"},"state":"NY","age":42},"RID":283}
{"ratings":[5.9,5.4,3.2,7.5,5.4,0.0,2.6,4.2,0.0,3.9,3.7,5.2,1.4],"respondent":{"income":0,"education":4,"gender":"M","name":{"last":"Clemo","first":"Alonzo"},"state":"TX","age":26},"RID":284}
{"ratings":[9.5,1.0,0.7,1.0,0.7,0.0,6.8,9.7,9.4,0.0,0.3,0.0,1.3],"respondent":{"income":4,"education":0,"gender":"F","name":{"last":"Winrich","first":"Glenn"},"state":"CO","age":18},"RID":285}
{"ratings":[9.0,4.5,7.1,3.7,4.7,0.0,2.4,0.0,8.9,1.1,7.3,8.3,0.0],"respondent":{"income":2,"education":3,"gender":"F","name":{"last":"Rohs","first":"Harvey"},"state":"MN","age":19},"RID":286}
{"ratings":[6.6,4.5,1.4,9.6,4.9,0.0,2.9,5.0,6.3,0.0,1.7,6.9,0.0],"respondent":{"income":1,"education":1,"gender":"F","name":{"last":"Slingland","first":"Josef"},"state":"WA","age":83},"RID":287}
{"ratings":[9.6,1.4,7.5,3.6,1.2,6.0,4.0,6.0,9.2,0.2,7.6,9.7,0.0],"respondent":{"income":3,"education":1,"gender":"F","name":{"last":"Schluter","first":"Sterling"},"state":"WA","age":45},"RID":288}
{"ratings":[6.4,7.3,5.5,2.8,8.0,7.1,9.2,8.3,6.0,9.4,5.7,6.9,8.8],"respondent":{"income":2,"education":2,"gender":"F","name":{"last":"Scotts","first":"Danyell"},"state":"GA","age":36},"RID":289}
{"ratings":[5.6,2.3,1.1,8.5,2.6,6.7,4.3,2.6,5.5,6.7,1.1,5.8,3.3],"respondent":{"income":0,"education":2,"gender":"F","name":{"last":"Gildea","first":"Morton"},"state":"MI","age":40},"RID":290}
{"ratings":[8.4,0.7,1.3,8.7,0.1,0.0,0.0,4.5,8.9,1.1,1.6,9.0,1.9],"respondent":{"income":1,"education":1,"gender":"F","name":{"last":"Chumbler","first":"Valentin"},"state":"GA","age":49},"RID":291}
{"ratings":[9.7,1.9,3.6,9.8,1.2,6.7,2.8,0.3,9.4,3.8,3.6,9.3,1.0],"respondent":{"income":1,"education":3,"gender":"M","name":{"last":"Ellzey","first":"Margaret"},"state":"NC","age":23},"RID":292}
{"ratings":[5.3,2.0,4.2,8.3,1.8,0.0,7.8,1.0,0.0,3.3,4.5,5.7,0.0],"respondent":{"income":3,"education":1,"gender":"M","name":{"last":"Brostrom","first":"Margene"},"state":"NJ","age":42},"RID":293}
{"ratings":[10.0,8.9,5.2,6.2,8.1,6.9,1.5,2.9,9.6,6.9,5.1,9.2,6.9],"respondent":{"income":4,"education":2,"gender":"M","name":{"last":"Delvillar","first":"Grant"},"state":"AR","age":75},"RID":294}
{"ratings":[7.6,2.9,4.1,3.8,2.1,6.8,9.4,0.3,7.1,6.5,4.6,8.0,9.6],"respondent":{"income":2,"education":3,"gender":"F","name":{"last":"Mcclain","first":"Galen"},"state":"AR","age":79},"RID":295}
{"ratings":[7.8,5.5,8.4,7.4,5.2,0.0,9.3,0.0,7.9,0.3,8.8,7.4,0.8],"respondent":{"income":3,"education":2,"gender":"F","name":{"last":"Client","first":"Raleigh"},"state":"TX","age":30},"RID":296}
{"ratings":[7.0,5.1,7.6,0.5,6.0,5.3,6.5,6.5,6.5,3.2,7.5,6.9,7.5],"respondent":{"income":1,"education":2,"gender":"N\/A","name":{"last":"Duford","first":"Robbie"},"state":"VA","age":26},"RID":297}
{"ratings":[8.3,0.9,7.7,7.6,0.9,0.0,2.6,2.0,8.3,0.0,7.6,8.9,0.2],"respondent":{"income":1,"education":2,"gender":"M","name":{"last":"Gaultney","first":"Hung"},"state":"GA","age":42},"RID":298}
{"ratings":[6.1,3.6,0.9,7.8,3.7,0.0,3.1,1.8,6.3,3.6,0.1,6.3,0.2],"respondent":{"income":2,"education":1,"gender":"M","name":{"last":"Virula","first":"Carlee"},"state":"AL","age":40},"RID":299}
{"ratings":[9.9,3.2,4.6,8.8,3.1,0.0,4.8,8.3,9.4,3.3,4.2,9.0,0.0],"respondent":{"income":5,"education":2,"gender":"M","name":{"last":"Dasher","first":"Gilbert"},"state":"VA","age":34},"RID":300}
{"ratings":[5.7,5.1,0.6,1.8,5.8,2.1,7.5,5.6,5.7,1.3,0.5,5.7,6.5],"respondent":{"income":1,"education":2,"gender":"M","name":{"last":"Leski","first":"Renate"},"state":"CA","age":43},"RID":301}
{"ratings":[9.3,8.5,5.9,8.6,8.1,4.9,5.0,4.3,9.4,2.5,5.6,9.5,7.6],"respondent":{"income":3,"education":3,"gender":"M","name":{"last":"Sabha","first":"Refugio"},"state":"RI","age":54},"RID":302}
{"ratings":[6.8,6.3,0.5,6.0,6.4,0.0,8.3,3.0,6.0,1.9,0.6,6.1,2.1],"respondent":{"income":0,"education":4,"gender":"M","name":{"last":"Lubbert","first":"Arron"},"state":"CA","age":63},"RID":303}
{"ratings":[9.8,6.8,5.2,8.4,6.7,0.0,2.3,5.0,9.3,2.7,5.5,9.7,0.7],"respondent":{"income":0,"education":0,"gender":"F","name":{"last":"Pippitt","first":"Myung"},"state":"IN","age":22},"RID":304}
{"ratings":[5.3,3.0,1.3,2.0,2.0,7.9,4.2,5.8,5.8,0.6,1.9,5.9,2.5],"respondent":{"income":0,"education":4,"gender":"M","name":{"last":"Lukach","first":"Hulda"},"state":"VA","age":51},"RID":305}
{"ratings":[7.6,3.5,0.2,1.6,3.3,9.7,7.0,4.2,7.5,3.2,0.8,7.7,0.4],"respondent":{"income":0,"education":0,"gender":"M","name":{"last":"Arehano","first":"Bari"},"state":"TN","age":23},"RID":306}
{"ratings":[9.9,5.4,2.6,2.0,5.4,4.2,8.2,8.3,9.1,8.1,2.2,9.9,6.2],"respondent":{"income":1,"education":3,"gender":"M","name":{"last":"Poskitt","first":"Randal"},"state":"FL","age":23},"RID":307}
{"ratings":[8.9,6.8,9.6,6.2,6.4,6.9,0.4,1.1,8.5,1.6,9.3,8.6,6.6],"respondent":{"income":3,"education":3,"gender":"M","name":{"last":"Devilliers","first":"Maura"},"state":"IA","age":46},"RID":308}
{"ratings":[8.6,4.2,5.5,0.7,4.0,9.6,6.2,7.0,8.6,9.1,5.5,8.2,3.5],"respondent":{"income":2,"education":4,"gender":"F","name":{"last":"Gembler","first":"Donette"},"state":"FL","age":25},"RID":309}
{"ratings":[9.6,7.2,9.2,2.3,7.4,5.2,9.3,1.5,9.8,3.0,9.1,9.7,6.4],"respondent":{"income":1,"education":2,"gender":"M","name":{"last":"Bibee","first":"Sidney"},"state":"NC","age":35},"RID":310}
{"ratings":[9.7,10.0,6.0,9.9,9.4,0.0,9.7,2.5,9.9,2.9,6.8,9.9,0.0],"respondent":{"income":0,"education":0,"gender":"M","name":{"last":"Mcfield","first":"Sylvester"},"state":"CA","age":52},"RID":311}
{"ratings":[5.5,1.7,1.3,7.6,2.0,0.0,6.3,0.0,5.3,1.8,1.4,5.5,2.2],"respondent":{"income":0,"education":3,"gender":"F","name":{"last":"Leo","first":"Tracy"},"state":"TN","age":42},"RID":312}
{"ratings":[10.0,4.9,0.1,1.4,4.5,8.2,2.4,9.6,9.8,8.4,0.5,9.0,2.1],"respondent":{"income":3,"education":3,"gender":"M","name":{"last":"Kradel","first":"Jean"},"state":"OH","age":23},"RID":313}
{"ratings":[8.2,2.5,1.4,6.8,2.2,0.0,9.3,2.9,9.0,0.0,1.0,8.2,3.6],"respondent":{"income":5,"education":2,"gender":"F","name":{"last":"Taubman","first":"Nikia"},"state":"IN","age":33},"RID":314}
{"ratings":[6.2,1.3,6.0,7.6,1.9,7.8,3.8,2.2,6.7,0.5,6.6,6.4,6.5],"respondent":{"income":0,"education":2,"gender":"F","name":{"last":"Mcbane","first":"Colette"},"state":"NC","age":20},"RID":315}
{"ratings":[7.7,0.7,7.7,9.7,0.4,0.0,2.1,9.2,7.7,0.0,7.6,7.8,3.1],"respondent":{"income":4,"education":1,"gender":"M","name":{"last":"Cranmore","first":"Joellen"},"state":"AR","age":27},"RID":316}
{"ratings":[7.3,2.9,2.9,7.9,2.7,0.0,0.1,5.5,7.5,1.7,2.8,7.8,3.4],"respondent":{"income":1,"education":4,"gender":"F","name":{"last":"Kamada","first":"Alla"},"state":"WI","age":82},"RID":317}
{"ratings":[7.3,1.9,9.1,2.5,2.0,9.3,2.9,6.5,7.6,2.9,9.9,7.8,6.7],"respondent":{"income":5,"education":3,"gender":"F","name":{"last":"Zollner","first":"Willis"},"state":"IL","age":24},"RID":318}
{"ratings":[5.9,0.5,6.7,8.9,0.2,0.0,5.0,7.9,5.6,2.5,6.0,5.9,2.3],"respondent":{"income":3,"education":2,"gender":"M","name":{"last":"Trudics","first":"Eleanor"},"state":"TX","age":54},"RID":319}
{"ratings":[7.8,0.1,5.0,2.7,0.7,0.0,8.6,6.8,7.3,2.9,4.8,7.5,0.0],"respondent":{"income":0,"education":4,"gender":"F","name":{"last":"Viox","first":"Benito"},"state":"IA","age":39},"RID":320}
{"ratings":[8.0,6.6,8.1,1.7,6.1,0.0,3.0,1.2,8.0,3.0,8.7,7.9,3.1],"respondent":{"income":3,"education":0,"gender":"F","name":{"last":"Gilroy","first":"Kathaleen"},"state":"FL","age":41},"RID":321}
{"ratings":[8.9,6.3,9.4,1.3,6.7,9.5,0.3,9.5,8.1,8.1,9.5,8.3,1.0],"respondent":{"income":2,"education":2,"gender":"M","name":{"last":"Sake","first":"Tracy"},"state":"CT","age":46},"RID":322}
{"ratings":[7.7,5.9,9.9,6.7,5.5,9.4,1.8,2.8,8.0,7.8,9.3,7.7,1.9],"respondent":{"income":5,"education":4,"gender":"F","name":{"last":"Morehead","first":"Tasia"},"state":"ME","age":27},"RID":323}
{"ratings":[5.9,6.3,1.5,2.6,6.9,7.8,7.3,5.0,5.9,8.1,1.3,5.6,1.2],"respondent":{"income":4,"education":3,"gender":"M","name":{"last":"Smuck","first":"Luke"},"state":"VT","age":39},"RID":324}
{"ratings":[6.8,6.6,9.4,1.6,7.0,7.9,4.7,8.4,6.1,0.8,9.7,6.6,1.7],"respondent":{"income":5,"education":2,"gender":"F","name":{"last":"Frabizio","first":"Rozanne"},"state":"NY","age":48},"RID":325}
{"ratings":[7.1,6.8,7.5,3.6,6.8,5.9,4.8,9.2,7.4,6.5,7.2,7.6,8.8],"respondent":{"income":4,"education":3,"gender":"F","name":{"last":"Hutch","first":"Rodger"},"state":"GA","age":48},"RID":326}
{"ratings":[6.9,0.7,9.9,3.6,0.6,8.5,7.1,5.1,6.4,8.5,9.5,6.2,2.0],"respondent":{"income":5,"education":3,"gender":"F","name":{"last":"Prattis","first":"Chanelle"},"state":"CA","age":18},"RID":327}
{"ratings":[7.8,4.3,2.5,6.4,4.6,8.1,0.9,6.0,7.3,7.8,2.0,7.1,6.9],"respondent":{"income":1,"education":0,"gender":"F","name":{"last":"Guillama","first":"Mana"},"state":"VA","age":65},"RID":328}
{"ratings":[8.8,9.6,9.6,1.6,9.5,10.0,9.2,0.4,8.9,1.8,10.0,8.9,6.8],"respondent":{"income":5,"education":0,"gender":"F","name":{"last":"Emmel","first":"Wen"},"state":"WA","age":24},"RID":329}
{"ratings":[8.3,0.9,7.0,6.7,0.5,0.0,9.7,3.3,9.0,3.8,6.1,8.0,0.3],"respondent":{"income":2,"education":2,"gender":"F","name":{"last":"Hargers","first":"Hung"},"state":"AZ","age":38},"RID":330}
{"ratings":[8.8,0.2,1.3,3.6,0.2,9.0,3.1,9.9,8.8,9.8,1.1,8.6,3.2],"respondent":{"income":2,"education":4,"gender":"M","name":{"last":"Riddock","first":"Harris"},"state":"OH","age":31},"RID":331}
{"ratings":[7.4,9.7,7.3,8.2,9.1,1.5,8.6,4.3,7.0,7.1,7.3,7.1,6.6],"respondent":{"income":1,"education":1,"gender":"F","name":{"last":"Simcic","first":"Ora"},"state":"OR","age":72},"RID":332}
{"ratings":[8.2,0.6,4.4,6.6,0.7,0.0,2.4,7.9,8.5,2.8,4.7,8.5,1.9],"respondent":{"income":5,"education":3,"gender":"M","name":{"last":"Hoxworth","first":"Kenda"},"state":"AZ","age":22},"RID":333}
{"ratings":[6.1,9.5,2.2,6.8,9.6,7.4,1.4,4.6,7.0,1.8,2.2,6.2,1.7],"respondent":{"income":2,"education":2,"gender":"F","name":{"last":"Samanlego","first":"Digna"},"state":"WI","age":33},"RID":334}
{"ratings":[6.1,0.0,3.0,8.1,0.2,0.0,3.9,2.4,6.7,1.8,2.3,6.9,0.0],"respondent":{"income":0,"education":0,"gender":"M","name":{"last":"Keske","first":"Cami"},"state":"UT","age":45},"RID":335}
{"ratings":[9.7,5.9,3.5,7.3,5.6,0.0,1.2,6.6,0.0,3.8,3.6,9.6,0.0],"respondent":{"income":5,"education":3,"gender":"F","name":{"last":"Churchville","first":"Tyson"},"state":"TX","age":50},"RID":336}
{"ratings":[9.9,7.1,6.7,3.1,7.5,6.4,1.4,8.7,9.1,3.7,6.7,9.2,7.6],"respondent":{"income":4,"education":3,"gender":"F","name":{"last":"Elawar","first":"Nolan"},"state":"MA","age":41},"RID":337}
{"ratings":[8.3,6.4,0.1,3.1,6.1,0.0,0.0,2.5,9.0,1.4,0.2,0.0,3.1],"respondent":{"income":5,"education":3,"gender":"M","name":{"last":"Fails","first":"Cecil"},"state":"KS","age":42},"RID":338}
{"ratings":[5.0,4.2,7.5,8.2,4.6,5.7,0.6,8.2,5.2,1.5,7.0,5.6,8.9],"respondent":{"income":5,"education":2,"gender":"F","name":{"last":"Fraga","first":"Macy"},"state":"IA","age":48},"RID":339}
{"ratings":[7.4,3.0,9.6,0.4,2.6,0.0,9.2,9.9,7.7,0.0,9.9,7.7,0.8],"respondent":{"income":1,"education":3,"gender":"M","name":{"last":"Katoh","first":"Johnie"},"state":"CT","age":19},"RID":340}
{"ratings":[8.3,1.7,3.8,7.7,1.3,3.0,0.1,4.0,8.9,3.3,3.2,8.8,9.0],"respondent":{"income":3,"education":1,"gender":"M","name":{"last":"Cadden","first":"Dominica"},"state":"CA","age":36},"RID":341}
{"ratings":[5.8,6.2,5.1,1.0,6.3,7.4,9.3,4.6,5.7,8.9,5.0,5.6,9.1],"respondent":{"income":1,"education":2,"gender":"M","name":{"last":"Meno","first":"Eleonor"},"state":"NC","age":36},"RID":342}
{"ratings":[9.4,7.5,3.8,1.0,7.9,1.1,9.9,5.9,9.9,3.6,3.6,9.3,3.7],"respondent":{"income":1,"education":0,"gender":"N\/A","name":{"last":"Reinhardt","first":"Nannie"},"state":"NY","age":30},"RID":343}
{"ratings":[8.1,0.0,5.9,6.9,0.4,0.0,0.2,4.6,0.0,0.0,5.2,8.1,3.8],"respondent":{"income":4,"education":0,"gender":"F","name":{"last":"Schoborg","first":"Andrew"},"state":"MD","age":43},"RID":344}
{"ratings":[6.4,3.3,0.9,2.4,3.8,0.0,0.1,4.1,6.6,0.0,0.5,6.0,0.0],"respondent":{"income":3,"education":3,"gender":"N\/A","name":{"last":"Duropan","first":"Merlyn"},"state":"DC","age":34},"RID":345}
{"ratings":[5.8,2.7,5.5,2.1,2.4,0.0,3.0,0.0,5.1,2.2,5.4,5.2,1.5],"respondent":{"income":5,"education":3,"gender":"F","name":{"last":"Landwehr","first":"Clyde"},"state":"OH","age":21},"RID":346}
{"ratings":[7.2,4.6,8.8,1.8,4.6,6.2,8.8,6.6,7.4,0.4,8.4,7.6,9.5],"respondent":{"income":1,"education":2,"gender":"N\/A","name":{"last":"Birchwood","first":"Marquis"},"state":"NV","age":21},"RID":347}
{"ratings":[9.8,6.3,4.3,3.6,6.7,5.2,8.6,2.1,9.9,3.4,4.2,9.1,6.6],"respondent":{"income":2,"education":3,"gender":"M","name":{"last":"Didamo","first":"Loren"},"state":"MO","age":41},"RID":348}
{"ratings":[5.7,6.8,9.4,7.1,6.2,0.0,1.1,3.7,5.9,1.1,9.4,5.6,0.0],"respondent":{"income":5,"education":2,"gender":"F","name":{"last":"Jafari","first":"Sung"},"state":"TX","age":47},"RID":349}
{"ratings":[5.2,0.9,3.7,6.8,0.8,3.2,3.1,0.5,5.4,7.4,3.6,5.3,2.6],"respondent":{"income":2,"education":3,"gender":"F","name":{"last":"Overocker","first":"Tiffiny"},"state":"TX","age":53},"RID":350}
