{"ratings":[5.9,8.8,4.1,1.3,8.3,7.7,5.5,2.2,5.9,10.0,4.5,5.8,0.1],"respondent":{"income":5,"education":2,"gender":"N\/A","name":{"last":"Vedia","first":"Devin"},"state":"IA","age":46},"RID":1}
{"ratings":[6.0,4.3,8.5,8.1,4.6,0.0,1.7,9.0,5.3,0.0,8.3,5.2,2.7],"respondent":{"income":1,"education":3,"gender":"N\/A","name":{"last":"Stehno","first":"Deja"},"state":"VA","age":71},"RID":2}
{"ratings":[7.0,4.6,7.8,6.4,4.4,0.0,3.0,9.2,7.5,2.1,7.8,7.6,0.9],"respondent":{"income":0,"education":2,"gender":"N\/A","name":{"last":"Perfetti","first":"Denisha"},"state":"MI","age":40},"RID":3}
{"ratings":[5.7,6.5,9.2,1.3,6.7,1.6,1.5,0.2,5.3,8.7,9.4,5.1,8.7],"respondent":{"income":0,"education":2,"gender":"F","name":{"last":"Martorell","first":"Emery"},"state":"MA","age":45},"RID":4}
{"ratings":[9.3,7.3,0.4,0.0,7.3,8.0,7.8,2.4,10.0,0.1,0.4,9.2,8.8],"respondent":{"income":4,"education":3,"gender":"N\/A","name":{"last":"Hammann","first":"Teodora"},"state":"NV","age":20},"RID":5}
{"ratings":[8.0,3.0,4.4,3.6,3.3,8.7,2.8,5.4,7.5,9.5,4.1,7.3,1.3],"respondent":{"income":1,"education":2,"gender":"M","name":{"last":"Merrigan","first":"Neal"},"state":"IN","age":42},"RID":6}
{"ratings":[9.3,5.6,5.8,7.5,5.7,8.8,0.1,4.0,9.9,9.3,5.5,9.5,0.6],"respondent":{"income":3,"education":0,"gender":"M","name":{"last":"Gohring","first":"Sunny"},"state":"GA","age":46},"RID":7}
{"ratings":[7.7,2.1,0.5,1.4,2.2,7.6,1.5,9.2,7.5,8.2,0.1,7.5,1.6],"respondent":{"income":0,"education":0,"gender":"F","name":{"last":"Mcelvany","first":"Aleshia"},"state":"UT","age":30},"RID":8}
{"ratings":[6.4,6.5,2.7,3.1,6.3,3.1,5.4,8.9,6.1,2.9,2.4,6.4,3.1],"respondent":{"income":4,"education":2,"gender":"F","name":{"last":"Diker","first":"Temika"},"state":"NY","age":41},"RID":9}
{"ratings":[7.0,1.9,9.0,0.8,1.8,5.4,4.9,6.3,7.3,9.8,9.8,7.7,6.4],"respondent":{"income":4,"education":2,"gender":"M","name":{"last":"Charvat","first":"Rhoda"},"state":"VA","age":46},"RID":10}
